{
    "research_mode": "global",
    "target_country": null,
    "target_country_locode": "GLOBAL",
    "target_mode": "exposure",
    "target_which": "buildings",
    "target_city": null,
    "start_time": "2025-09-10T16:49:42.204626",
    "end_time": "2025-09-10T17:01:50.809865",
    "total_iterations": 1,
    "final_structured_review_action": "accept",
    "final_confidence": null,
    "structured_data_items_count": 29,
    "structured_data": [
        {
            "name": "GHS-BUILT R2015B",
            "method_of_access": "Downloadable files (e.g., GHS_BUILT_ LDSMT_GLOBE_R2015B_3857_38, GHS_BUILT_LDS1975_GLOBE_R2016A_3857_38)",
            "ccra_mode": "exposure",
            "ccra_type": "buildings",
            "granularity": "Global",
            "data_format": "Implied raster data (GeoTIFF likely, given spatial resolutions and grid format)",
            "description": "Multitemporal information layer on built-up presence derived from Landsat image collections (GLS1975, GLS1990, GLS2000, and ad-hoc Landsat 8 collection 2013/2014). Produced by means of Global Human Settlement Layer methodology in 2015.",
            "spatial_resolution": "Approximately 38m, 250m, 1Km",
            "temporal_coverage": "1975, 1990, 2000, 2014",
            "url": "https://human-settlement.emergency.copernicus.eu/ghs_bu.php",
            "country": "Global",
            "country_locode": "GLOBAL"
        },
        {
            "name": "Copernicus 100 m Global Land Cover 2015-2019",
            "method_of_access": "Downloadable files via URL, Dataset viewer",
            "ccra_mode": "exposure",
            "ccra_type": "buildings",
            "sector": "AFOLU",
            "subsector": "Emissions from land within the city boundary",
            "granularity": "Global",
            "data_format": "Various formats incl. GEOTIFF",
            "description": "Annual land cover maps representing detailed (100x100 m) spatial information on different types (classes) of physical coverage of the Earth's surface, e.g. forests, grasslands, croplands, lakes, wetlands. The product also includes continuous field layers or “fraction maps” for all basic land cover classes. Produced as part of the Copernicus global land monitoring service, with long-term continuity ensured by the European Commission and EU member states. Updated October 2024, with annual updates planned.",
            "spatial_resolution": "100m",
            "temporal_coverage": "2015-2019, annual",
            "url": "https://ceos.org/gst/copernicus.html",
            "country": "Global",
            "country_locode": "GLOBAL"
        },
        {
            "name": "WorldPop Open Population Repository (WOPR) - BuildingClass",
            "method_of_access": "Web interface query and direct download links for specific files",
            "ccra_mode": "exposure",
            "ccra_type": "buildings",
            "granularity": "Global (implied by 'Global population data sets' and country selection for specific datasets)",
            "data_format": "Table with download links (likely GeoTIFF or similar for gridded data)",
            "description": "The WorldPop Open Population Repository (WOPR) provides access to gridded population estimates and related data, including BuildingClass data, created using bespoke methods for individual countries. It offers final products as well as early experimental results. Global population datasets consistent across countries and years are also available from the WorldPop website.",
            "spatial_resolution": "Not explicitly stated for BuildingClass, but other data types mention ~100m",
            "url": "https://wopr.worldpop.org/?COD/Population",
            "country": "Global",
            "country_locode": "GLOBAL"
        },
        {
            "name": "Microsoft Global Building Footprints",
            "method_of_access": "Downloadable GEOJSON files by Quadkey Partitions from GitHub, visualized via Tableau Public Dashboard",
            "ccra_mode": "exposure",
            "ccra_type": "buildings",
            "granularity": "Global, with specific coverage for countries like United States, India, Brazil, Japan, Africa, and regions like the Persian Gulf",
            "data_format": "line-delimited GeoJSON, compressed as .csv.gz",
            "description": "Microsoft Bing Maps has released 1.4 billion open building footprints, making building outlines freely available globally. The dataset spans from 2014 and has been gathered from high-quality sources like Maxar, Airbus, and IGN France imagery. It is available under the Open Database License (ODbL).",
            "spatial_resolution": "Individual building polygons",
            "temporal_coverage": "Since 2014",
            "url": "https://roddar.com/data-hub/microsoft-global-building-footprints",
            "country": "Global",
            "country_locode": "GLOBAL"
        },
        {
            "name": "A global dataset of annual urban extents (1992–2020) from harmonized nighttime lights",
            "method_of_access": "Downloadable file from https://doi.org/10.6084/m9.figshare.16602224.v1",
            "ccra_mode": "exposure",
            "ccra_type": "buildings",
            "granularity": "Global",
            "description": "A global dataset of annual urban extents from 1992 to 2020, generated using consistent nighttime light observations and a stepwise-partitioning framework. The dataset characterizes spatial extents associated with intensive human settlement and high-intensity socioeconomic activities, providing information to capture historical and future urbanization trajectories.",
            "spatial_resolution": "Global",
            "temporal_coverage": "1992–2020 (annual)",
            "url": "https://essd.copernicus.org/articles/14/517/2022/",
            "country": "Global",
            "country_locode": "GLOBAL"
        },
        {
            "name": "A spatially-explicit harmonized global dataset of critical infrastructure",
            "method_of_access": "Downloadable PDF",
            "ccra_mode": "exposure",
            "ccra_type": "buildings",
            "granularity": "Global",
            "data_format": "GeoTIFF (rasterized)",
            "description": "A first-of-its-kind globally harmonized spatial dataset for the representation of Critical Infrastructure (CI). It collects and harmonizes detailed geospatial data of the world’s main CI systems into a single geospatial database and develops the Critical Infrastructure Spatial Index (CISI). The CISI aggregates high-resolution geospatial OpenStreetMap (OSM) data of 39 CI types categorized under seven overarching CI systems. The dataset is rasterized into a harmonized and consistent dataset with resolutions of 0.10 × 0.10 and 0.25 × 0.25 degrees. It can be applied to explore the current landscape of CI, identify CI hotspots, and as exposure input for large-scale risk assessments.",
            "spatial_resolution": "Global, 0.10 × 0.10 and 0.25 × 0.25 degrees",
            "url": "https://www.nature.com/articles/s41597-022-01218-4",
            "country": "Global",
            "country_locode": "GLOBAL"
        },
        {
            "name": "Global Human Settlement Layer (GHSL)",
            "method_of_access": "Downloadable files (TIF and OVR files)",
            "ccra_mode": "exposure",
            "ccra_type": "buildings",
            "sector": "Stationary Energy",
            "subsector": "Residential Buildings",
            "granularity": "Global",
            "data_format": "raster files (TIF, OVR)",
            "description": "The Global Human Settlement Layer (GHSL) project, supported by European Commission, Joint Research Centre, and Directorate-General for Regional and Urban Policy, produces new global spatial information, evidence-based analytics, and knowledge describing human presence on the planet. It processes satellite image data streams, census data, and crowd-sourced information to report objectively and systematically about the presence of population and built-up infrastructures. The project produces thematic information and analytical knowledge supporting EU regional urban policy and international post-2015 frameworks (Sustainable Development Goals, Global Urban Agenda, Climate Change, Sendai Framework for Disaster Risk Reduction). The collection consists of built-up (GHS-BUILT), population (GHS-POP) grids, and city model (GHS-SMOD). The project was created on 2018-12-14 and modified on 2023-04-13.",
            "spatial_resolution": "Global, fine-scale",
            "temporal_coverage": "Varies by dataset, e.g., GHS-AGE (1975-2020), GHS-SMOD ARCTIC (1975-2030), GHS-BUILT-S ARCTIC (1975-2030), GHS-BUILT-H ARCTIC (2018), GHS-POP ARCTIC (1975-2030), GHS-BUILT-V ARCTIC (1975-2030), GHS-BUSS ARCTIC (1975-2030)",
            "url": "https://data.jrc.ec.europa.eu/collection/ghsl",
            "country": "Global",
            "country_locode": "GLOBAL"
        },
        {
            "name": "GlobalMLBuildingFootprints",
            "method_of_access": "Downloadable files from GitHub repository",
            "ccra_mode": "exposure",
            "ccra_type": "buildings",
            "granularity": "Global",
            "description": "Worldwide building footprints derived from satellite imagery, provided by Microsoft. The repository shows updates as recent as Feb 28, 2025.",
            "spatial_resolution": "Worldwide",
            "temporal_coverage": "Derived from satellite imagery, with updates as recent as Feb 28, 2025.",
            "url": "https://github.com/microsoft/GlobalMLBuildingFootprints",
            "country": "Global",
            "country_locode": "GLOBAL"
        },
        {
            "name": "OpenStreetMap (OSM) Data",
            "method_of_access": "API (Overpass API, Geoapify Places API), direct download",
            "ccra_mode": "exposure",
            "ccra_type": "buildings",
            "sector": "Stationary Energy",
            "subsector": "Residential Buildings",
            "granularity": "Global",
            "data_format": "Database (nodes, ways, relations with tags)",
            "description": "OpenStreetMap (OSM) is a global, editable map created and maintained by a vast community of contributors. It offers a diverse collection of geographic data, including detailed metadata about places such as the number of floors in a building, website URLs, and opening hours. Data is structured using nodes, ways, and relations, with attributes described by key-value tags. It is widely used by developers for high-quality mapping data.",
            "spatial_resolution": "Individual building polygons (implied by 'number of floors in a building' and 'building=yes' tag example)",
            "temporal_coverage": "Continuously updated",
            "url": "https://www.geoapify.com/ways-to-get-openstreetmap-data/",
            "country": "Global",
            "country_locode": "GLOBAL"
        },
        {
            "name": "GHS built-up surface (R2023) - GHS-BUILT-S",
            "method_of_access": "Downloadable files (single file or by tiles) via HTTP/FTP links",
            "ccra_mode": "exposure",
            "ccra_type": "buildings",
            "sector": "Stationary Energy",
            "subsector": "Residential Buildings",
            "granularity": "Global",
            "data_format": "GeoTIFF (implied by 'tiles' and 'shapefile' context, and common for gridded data)",
            "description": "The GHS built-up surface (R2023) dataset (GHS-BUILT-S) provides information on built-up areas. It is an updated edition built using the GHS-SMOD R2023A dataset, split by country. It includes boundaries and city centroids in each zip file. The data is available for different epochs, resolutions, and coordinate systems. The current selection shown is for epoch 2030, resolution 100m, Mollweide coordinate system, and 'Total RES+NRES' classification. The dataset is provided by the GHSL (Global Human Settlement Layer) project, part of Copernicus emergency management service.",
            "spatial_resolution": "100m",
            "temporal_coverage": "1975, 1980, 1985, 1990, 1995, 2000, 2005, 2010, 2011, 2015, 2018, 2020, 2025, 2030",
            "url": "https://human-settlement.emergency.copernicus.eu/download.php",
            "country": "Global",
            "country_locode": "GLOBAL"
        },
        {
            "name": "GHS-BUILT-H R2022A - GHS building height, derived from AW3D30, SRTM30, and Sentinel2 composite (2018) - OBSOLETE RELEASE",
            "method_of_access": "Downloadable files via FTP links (GHS-BUILT-H_ANBH_GLOBE_R2022A, GHS-BUILT-H_AGBH_GLOBE_R2022A)",
            "ccra_mode": "exposure",
            "ccra_type": "buildings",
            "granularity": "Global",
            "data_format": "TIF files within compressed ZIP",
            "description": "The spatial raster dataset depicts the spatial distribution of the building heights as extracted from the filtering of a composite of global digital elevation models (DEM) and the filtering of satellite imagery using linear regression techniques. Input DEMs are ALOS World 3D - 30m (AW3D30, 2006-2011) and Shuttle Radar Topography Mission 30m (SRTM30, 2000). Building heights are updated using shadow markers from Sentinel2 image data composite of 2018 (GHS-composite-S2 R2020A). Data is published at 100m resolution in World Mollweide (EPSG:54009). Building height information is summarized as Average of the Gross Building Height (AGBH) and Average of the Net Building Height (ANBH). Provided by European Commission, Joint Research Centre (JRC). This is an OBSOLETE RELEASE.",
            "spatial_resolution": "100m",
            "temporal_coverage": "2000-2018 (input data ranges)",
            "url": "http://data.europa.eu/89h/ce7c0310-9d5e-4aeb-b99e-4755f6062557",
            "country": "Global",
            "country_locode": "GLOBAL"
        },
        {
            "name": "Project Homeland Critical Infrastructure Dependencies Data",
            "method_of_access": "Demonstration of ArcGIS Knowledge, implying access through Esri's ArcGIS platform or similar geospatial analysis tools. Data itself is likely proprietary or requires specific access agreements with MITRE or federal partners.",
            "ccra_mode": "exposure",
            "ccra_type": "buildings",
            "sector": "Stationary Energy",
            "subsector": "Commercial and Institutional Buildings and Facilities",
            "granularity": "Municipal",
            "data_format": "Spatial knowledge graph, geospatial layers (implied GeoTIFF for flood data, vector for infrastructure)",
            "description": "Project Homeland, an ongoing effort by MITRE in collaboration with Esri, analyzes critical infrastructure dependencies and identifies system vulnerabilities to boost resilience against compounding threats like extreme weather events and cyber-attacks. It uses ArcGIS Knowledge to model spatial and non-spatial data, including hospitals, water pumps, electrical substations, and their interdependencies. A pilot scenario was conducted in Fort Lauderdale, Florida, simulating a historic April 2023 rainfall event to identify affected roadways, buildings, and utilities.",
            "spatial_resolution": "Individual building polygons (implied for infrastructure facilities), ≤10m for urban flood analysis (from CCRA framework context, applied to Fort Lauderdale pilot)",
            "temporal_coverage": "Historic April 2023 rainfall event simulated; ongoing project",
            "url": "https://www.esri.com/arcgis-blog/products/arcgis-knowledge/public-safety/mitre-uses-arcgis-knowledge-to-analyze-critical-infrastructure-dependencies",
            "country": "Global",
            "country_locode": "GLOBAL"
        },
        {
            "name": "WorldPop Open Spatial Demographic Data and Research",
            "method_of_access": "Web interface for data catalog, API access (WorldPop Program API, WOPR REST API)",
            "ccra_mode": "exposure",
            "ccra_type": "buildings",
            "granularity": "Global, Regional, Country",
            "description": "WorldPop provides open access spatial demographic datasets built using transparent approaches, focusing on high-resolution geospatial data on population distributions, demographic and dynamics. They develop peer-reviewed research and methods for the construction of these datasets. The data supports health and development applications, including addressing the Sustainable Development Goals. They offer global, regional, and bespoke country datasets, including new Global 2 Population Data for 2015 to 2030.",
            "spatial_resolution": "High spatial resolution (implied, as they focus on 'high-resolution geospatial data')",
            "temporal_coverage": "2015-2030 (for Global 2 Population Data), contemporary data",
            "url": "https://www.worldpop.org/",
            "country": "Global",
            "country_locode": "GLOBAL"
        },
        {
            "name": "A GIS-based framework for high-level climate change risk assessment of critical infrastructure",
            "method_of_access": "Downloadable PDF",
            "ccra_mode": "exposure",
            "ccra_type": "buildings",
            "sector": "Transportation",
            "subsector": "Railways",
            "granularity": "National",
            "data_format": "Table",
            "description": "This study presents a GIS-based framework for high-level climate change risk assessment of critical infrastructure, with a case study for Ireland. It includes an inventory of assets for transport, energy, water, and ICT sectors, and assesses their vulnerability to fluvial flood threat. The content mentions tables detailing lengths of national road sections and rail line sections, and number of rail stations at risk from flooding.",
            "spatial_resolution": "National (Ireland)",
            "url": "https://www.sciencedirect.com/science/article/pii/S2212096320300255",
            "country": "Global",
            "country_locode": "GLOBAL"
        },
        {
            "name": "OpenStreetMap Export",
            "method_of_access": "web interface query",
            "ccra_mode": "exposure",
            "ccra_type": "buildings",
            "granularity": "Global",
            "description": "OpenStreetMap allows users to export map data, which includes building footprints and other geographic features contributed by users globally. The content provided shows a web interface for map layers and export options.",
            "spatial_resolution": "Global",
            "url": "https://www.openstreetmap.org/export",
            "country": "Global",
            "country_locode": "GLOBAL"
        },
        {
            "name": "Google Open Buildings Data",
            "method_of_access": "Downloadable file (too large for direct download, suggests filtering via Google Earth Engine or Colab notebook for specific regions)",
            "ccra_mode": "exposure",
            "ccra_type": "buildings",
            "sector": "Stationary Energy",
            "subsector": "Residential Buildings",
            "granularity": "Global (can be filtered to regional/city level)",
            "data_format": "CSV (implied by discussion of 'lines' and filtering)",
            "description": "A dataset of building footprints provided by Google Open Buildings, available for global download. The file is very large (28 million lines mentioned) and users often need to filter it for specific regions or cities. Access is suggested via a Google Colab notebook for regional polygon selection or Google Earth Engine.",
            "spatial_resolution": "Individual building polygons (implied by 'building data' and 'building footprints')",
            "url": "https://www.reddit.com/r/QGIS/comments/1g4h7yr/help_with_filtering_google_open_buildings_data/",
            "country": "Global",
            "country_locode": "GLOBAL"
        },
        {
            "name": "OpenStreetMap Building Shape Coordinates",
            "method_of_access": "Overpass API",
            "ccra_mode": "exposure",
            "ccra_type": "buildings",
            "granularity": "Global",
            "data_format": "JSON, XML",
            "description": "A dataset of building shape coordinates from OpenStreetMap, accessible via the Overpass API. The data can be used for urban analysis research, such as measuring building areas and circumferences. The Overpass API can provide data extracts for specific areas.",
            "spatial_resolution": "Individual building polygons",
            "url": "https://community.openstreetmap.org/t/how-do-i-get-building-shape-coordinates-as-raw-data/66466",
            "country": "Global",
            "country_locode": "GLOBAL"
        },
        {
            "name": "Global construction materials database and stock analysis of residential buildings between 1970-2050",
            "method_of_access": "Purchase PDF, Access through organization, or view article preview on ScienceDirect. Data described as a 'database' and 'input for modelling' implying structured data.",
            "ccra_mode": "exposure",
            "ccra_type": "buildings",
            "sector": "Stationary Energy",
            "subsector": "Residential Buildings",
            "granularity": "Global, divided into 26 regions (in compliance with IMAGE model)",
            "data_format": "Database (implied structured data for modelling)",
            "description": "A global construction materials database and stock analysis of residential buildings from 1970 to 2050. It compiles material intensities for different building types, applied in a scenario analysis linked to SSP scenarios as implemented in the global climate model IMAGE. The database includes six construction materials in four dwelling types in urban and rural areas. It aims to fill a gap in consistent information about material stocks in the residential built environment at a global level and is intended for resource and climate policymaking and environmental impact assessment.",
            "spatial_resolution": "Global, divided into 26 regions",
            "temporal_coverage": "1970-2050",
            "climate_scenario": "SSP2 scenario",
            "url": "https://www.sciencedirect.com/science/article/pii/S0959652619340168",
            "country": "Global",
            "country_locode": "GLOBAL"
        },
        {
            "name": "USA Structures",
            "method_of_access": "Downloadable Feature Layer from Esri Living Atlas",
            "ccra_mode": "exposure",
            "ccra_type": "buildings",
            "sector": "Stationary Energy",
            "subsector": "Residential Buildings",
            "granularity": "National",
            "data_format": "Feature Layer",
            "description": "The USA Structures dataset is a comprehensive inventory of structures larger than 450 square feet, developed by FEMA, Oak Ridge National Laboratory, and the U.S. Geological Survey. It includes building outlines, occupancy types (e.g., Residential, Commercial, Industrial), primary occupancy types (e.g., Single Family Residential, Restaurant, Hospital), and a Universal Unique Identifier (UUID) for each structure. The data is designed to support emergency management, disaster response, and recovery decision-making processes. As of December 2021, occupancy type and address information is available for all states and territories.",
            "spatial_resolution": "Individual building polygons",
            "temporal_coverage": "As of December 2021 (data developed using various sources including Census Housing Unit data, HIFLD, LightBox parcel data)",
            "url": "https://gis-fema.hub.arcgis.com/pages/usa-structures",
            "country": "Global",
            "country_locode": "GLOBAL"
        },
        {
            "name": "WorldPop Global Data Collection",
            "method_of_access": "Downloadable files via WorldPop website",
            "ccra_mode": "exposure",
            "ccra_type": "buildings",
            "sector": "Stationary Energy",
            "subsector": "Residential Buildings",
            "granularity": "Global",
            "description": "The WorldPop Global data collection provides high resolution, open and contemporary data on human population distributions, including estimates of numbers of people residing in each 100 x 100 m grid cell and their age/sex structures. It includes population surfaces for total populations (both adjusted to match UN national estimates, and left unadjusted) as well as breakdowns by age and sex classes. The data is produced by the University Of Southampton (UK), University Of Louisville (USA), Universite Libre De Bruxelles (Belgium) And Flowminder Foundation.",
            "spatial_resolution": "100m (3 arc seconds)",
            "temporal_coverage": "2000-2020 (annual time-steps)",
            "url": "https://www.popgrid.org/worldpop",
            "country": "Global",
            "country_locode": "GLOBAL"
        },
        {
            "name": "A global product of 150-m urban building height based on spaceborne lidar",
            "method_of_access": "Downloadable PDF of the article, data likely available through a repository (not explicitly stated but implied for a 'product')",
            "ccra_mode": "exposure",
            "ccra_type": "buildings",
            "sector": "Stationary Energy",
            "subsector": "Residential Buildings",
            "granularity": "Global",
            "description": "A 150-m global urban building heights dataset around 2020, created by combining spaceborne lidar (Global Ecosystem Dynamics Investigation, GEDI), multi-sourced data (Landsat-8, Sentinel-2, and Sentinel-1), and topographic data. The product aims to provide fine spatial resolution with details about spatial heterogeneity and flexibility of updating using GEDI samples as inputs.",
            "spatial_resolution": "150-m",
            "temporal_coverage": "Around 2020",
            "url": "https://www.nature.com/articles/s41597-024-04237-5",
            "country": "Global",
            "country_locode": "GLOBAL"
        },
        {
            "name": "GHSL: Global built-up surface 1975-2030 (P2023A)",
            "method_of_access": "API (Google Earth Engine), Downloadable via JRC website",
            "ccra_mode": "exposure",
            "ccra_type": "buildings",
            "granularity": "Global",
            "data_format": "raster (GeoTIFF implied by Earth Engine)",
            "description": "This raster dataset, provided by EC JRC, depicts the distribution of built-up surfaces, expressed in square metres per 100 m grid cell. It measures total built-up surface and non-residential built-up surface. Data are spatially-temporally interpolated or extrapolated from 1975 to 2030 in 5-year intervals.",
            "spatial_resolution": "100 meters",
            "temporal_coverage": "1975-01-01T00:00:00Z–2030-12-31T00:00:00Z (5-year intervals)",
            "url": "https://developers.google.com/earth-engine/datasets/catalog/JRC_GHSL_P2023A_GHS_BUILT_S",
            "country": "Global",
            "country_locode": "GLOBAL"
        },
        {
            "name": "Combining readily available population and land cover maps to generate non-residential built-up labels to train Sentinel-2 image segmentation models",
            "method_of_access": "View PDF, Download full issue (via ScienceDirect)",
            "ccra_mode": "exposure",
            "ccra_type": "buildings",
            "sector": "Stationary Energy",
            "subsector": "Commercial and Institutional Buildings and Facilities",
            "granularity": "Global",
            "data_format": "PDF",
            "description": "This article describes a method for combining readily available population and land cover maps (ESA WorldCover 2020 and WorldPop 2020) to generate non-residential built-up labels for training Sentinel-2 image segmentation models. The study focuses on the detection of non-residential buildings and compares the proposed method with existing baselines like GHSL_NRES and CLC+EWC. The methodology involves using ancillary datasets to train a non-residential built-up Sentinel-2 image segmentation model.",
            "spatial_resolution": "Global (implied by 'Globally available ancillary datasets')",
            "temporal_coverage": "2020 (for ESA WorldCover 2020 and WorldPop 2020)",
            "url": "https://www.sciencedirect.com/science/article/pii/S1569843224006289",
            "country": "Global",
            "country_locode": "GLOBAL"
        },
        {
            "name": "Microsoft Building Footprints Features",
            "method_of_access": "Page Not Found - likely web interface or download from ArcGIS Hub",
            "granularity": "Global",
            "description": "The page for 'Microsoft Building Footprints Features' on ArcGIS Hub was not found, indicating it may have been moved or deleted. The original intent was likely to provide exposure building data for Global.",
            "url": "https://hub.arcgis.com/datasets/esri::microsoft-building-footprints-features/about",
            "country": "Global",
            "country_locode": "GLOBAL",
            "ccra_mode": "exposure",
            "ccra_type": "buildings"
        },
        {
            "name": "GLObal Building heights for Urban Studies (UT-GLOBUS)",
            "method_of_access": "Downloadable GeoPackage (.gpkg) and binary files from Zenodo, with instructions for conversion to GeoTIFF and compatibility with GIS platforms and programming languages.",
            "ccra_mode": "exposure",
            "ccra_type": "buildings",
            "sector": "Stationary Energy",
            "subsector": "Residential Buildings",
            "granularity": "Major cities worldwide, building-level data, 1-km² grid cells for UCPs",
            "data_format": "GeoPackage (.gpkg), GeoTIFF, binary file format",
            "description": "UT-GLOBUS is a dataset providing building heights and urban canopy parameters (UCPs) for major cities worldwide. It combines open-source spaceborne altimetry (ICESat-2 and GEDI) and coarse resolution urban canopy elevation data with a random forest model. The dataset is provided by researchers from The University of Texas at Austin, Indian Institute of Tropical Meteorology, Centro de Investigaciones Energéticas, Medioambientales y Tecnológicas, Purdue University West Lafayette, and NSF National Center for Atmospheric Research. It was published on May 9, 2024, and can be used for modeling urban hazards, climate simulations, and human thermal comfort.",
            "spatial_resolution": "Building-level, 1-km² grid cells for UCPs, vector files for data coverage",
            "temporal_coverage": "Published May 9, 2024 (v1), with updates planned as new city data is added.",
            "url": "https://zenodo.org/records/11156602",
            "country": "Global",
            "country_locode": "GLOBAL"
        },
        {
            "name": "Open Building Data Platform",
            "method_of_access": "Web interface query",
            "ccra_mode": "exposure",
            "ccra_type": "buildings",
            "sector": "Stationary Energy",
            "subsector": "Residential Buildings, Commercial and Institutional Buildings and Facilities, Manufacturing Industries and Construction",
            "granularity": "Global",
            "data_format": "Database, Visualizations, Benchmarks",
            "description": "The Open Building Data Platform provides data-driven insights to enhance life cycle performance of buildings, manage carbon footprint, and develop decarbonization strategies. It focuses on resource use and carbon emissions throughout the whole life cycle of buildings and across global supply-chains. The platform uses a coordinated, open and scalable data model to enhance exchange and comparability of life cycle data. It includes data on Portfolio, Project, Floor Area, and GHG emissions (Life Cycle Stages) for buildings.",
            "spatial_resolution": "Global",
            "url": "https://www.gbdi.io/",
            "country": "Global",
            "country_locode": "GLOBAL"
        },
        {
            "name": "Open Buildings",
            "method_of_access": "Downloadable file (link provided on website)",
            "ccra_mode": "exposure",
            "ccra_type": "buildings",
            "granularity": "Global (Africa, South Asia, South-East Asia, Latin America and the Caribbean)",
            "data_format": "Polygon (implied from 'footprint' and 'geometry'), Plus Code",
            "description": "A dataset of 1.8 billion building footprints derived from high-resolution satellite imagery to support social good applications. The dataset includes the polygon describing the building's footprint, a confidence score, and a Plus Code for the center of the building. It does not include information about building type, street address, or other details beyond geometry. The project is based in Google's Ghana office, focusing on Africa and the Global South. The current dataset is its 3rd version.",
            "spatial_resolution": "Individual building polygons",
            "temporal_coverage": "Current (version 3)",
            "url": "http://sites.research.google/gr/open-buildings/",
            "country": "Global",
            "country_locode": "GLOBAL"
        },
        {
            "name": "Land Cover 2019 (raster 100 m), global, yearly – version 3",
            "method_of_access": "Downloadable files (Geotiff), Copernicus Data Space Ecosystem (CDSE) via Copernicus Browser, S3 storage (EODATA), OData API, CSV resource",
            "ccra_mode": "exposure",
            "ccra_type": "buildings",
            "granularity": "Global",
            "data_format": "GeoTIFF, CSV",
            "description": "Provides at global level spatial information on different types (classes) of physical coverage of the Earth's surface, e.g. forests, grasslands, croplands, lakes, wetlands for the 2019 base year. The data are updated annually and are available for the 2015-2019 years. Provided by Copernicus Global Land Service.",
            "spatial_resolution": "100 m",
            "temporal_coverage": "2015-2019 (updated annually), Temporal extent: 2018-2020",
            "url": "https://land.copernicus.eu/en/products/global-dynamic-land-cover/copernicus-global-land-service-land-cover-100m-collection-3-epoch-2019-globe",
            "country": "Global",
            "country_locode": "GLOBAL"
        },
        {
            "name": "EC3: Embodied Carbon in Construction Calculator and EPD Database",
            "method_of_access": "Web interface query, online tool access, sign-up required for full access",
            "ccra_mode": "exposure",
            "ccra_type": "buildings",
            "sector": "Stationary Energy",
            "subsector": "Commercial and Institutional Buildings and Facilities",
            "granularity": "Global",
            "data_format": "Database (implied)",
            "description": "The EC3 (Embodied Carbon in Construction Calculator) tool and its underlying digitized EPD (Environmental Product Declaration) database provide data to encourage low-carbon specification and procurement for building and infrastructure projects. It helps users set achievable carbon reduction targets and identify low-carbon materials by leveraging a robust database of EPDs to set embodied carbon baselines and drive reductions. Provided by Building Transparency, a 501(c)3 nonprofit organization established in 2020.",
            "spatial_resolution": "Global",
            "url": "https://www.buildingtransparency.org/",
            "country": "Global",
            "country_locode": "GLOBAL"
        }
    ],
    "decision_log": [
        {
            "action": "init",
            "mode": "exposure",
            "which": "buildings",
            "research_mode": "global",
            "english_only_mode": false
        },
        {
            "agent": "Planner",
            "action": "plan_generated",
            "summary": "CCRA plan for exposure/buildings (Global) with 15 structured queries.",
            "target_country_locode": "GLOBAL",
            "primary_languages": [
                "en"
            ],
            "parsed_keywords_count": 15,
            "structured_parsing_successful": true
        },
        {
            "agent": "Researcher",
            "action": "research_iteration_completed",
            "queries_processed": [
                "Microsoft Building Footprints global download",
                "OpenStreetMap building data extract global",
                "Google Open Buildings dataset download",
                "Global Human Settlement Layer (GHSL) built-up area data",
                "OpenStreetMap building attributes schema",
                "WorldPop gridded population data global",
                "Copernicus Global Land Cover built-up areas",
                "Global building height dataset",
                "Global building construction material dataset",
                "Global critical infrastructure database GIS"
            ],
            "urls_collected": 100,
            "relevant_urls_for_scraping": 86,
            "new_data_items": 29
        },
        {
            "agent": "Reviewer",
            "timestamp": "2025-09-10T17:00:11.585103",
            "action": "raw_review_completed",
            "suggested_action": "proceed_to_extraction",
            "documents_selected_for_extraction_count": 8,
            "summary": "This batch of documents is highly promising for 'buildings' exposure data. Several documents directly link to or describe global-scale, high-resolution building footprint and built-up area datasets from authoritative sources like Copernicus, Microsoft, and WorldPop. These datasets include attributes such as age, height, and temporal information, which are crucial for CCRA building exposure analysis. The resolution of many of these datasets (e.g., 38m, 100m) meets the specified requirement of 5km or finer.",
            "reasoning": "Multiple documents provide direct access or clear pathways to high-resolution, global building and built-up area datasets, some with additional attributes like age and height, which are directly relevant to the 'buildings' exposure type for CCRA. These sources are highly authoritative (Copernicus, Microsoft, WorldPop, Nature publications). The resolutions mentioned (e.g., 38m, 100m) are well within the 5km or finer requirement. The 'no content available' documents and the general academic paper links are less directly useful for immediate data extraction but the others are excellent."
        },
        {
            "agent": "Extractor",
            "action": "extraction_complete",
            "documents_processed_in_batch": 86,
            "new_data_items_extracted": 29,
            "total_structured_items": 29
        },
        {
            "agent": "StructuredReviewer",
            "timestamp": "2025-09-10T17:01:50.707542",
            "action": "structured_review_completed",
            "suggested_action": "accept",
            "overall_confidence": "High",
            "summary": "The extracted structured data provides a strong foundation for a global exposure buildings dataset. Several high-quality, globally comprehensive datasets are identified, including building footprints (Microsoft, Google, OSM), built-up area extents (GHSL, Copernicus), and some building height information. There are also promising leads for critical infrastructure and population distribution, which are crucial for a comprehensive exposure assessment. However, detailed socioeconomic vulnerability indicators and specific building characteristics (e.g., construction materials, age, occupancy beyond broad categories) are less consistently available at a global, granular level. The current data leans heavily towards spatial extent and location of buildings, with less detail on their attributes or the demographics within them.",
            "reasoning": "The extracted data provides a very strong foundation for a global exposure buildings dataset. The presence of multiple high-resolution, globally comprehensive building footprint datasets (Microsoft, Google, OSM) is a significant achievement. Complementary datasets like GHSL and Copernicus provide valuable built-up area and temporal context. While some detailed attributes (e.g., construction materials, specific socioeconomic vulnerability indicators) are not universally available at a granular level, the core 'buildings exposure' (location, extent, some height) is well-covered by highly credible sources. The identified datasets are suitable for quantitative risk assessment, meeting the spatial resolution and format requirements. Further refinement for specific attributes can be pursued in subsequent steps if needed, but the current collection is sufficient to proceed with initial exposure mapping.",
            "final_decision_mode": false,
            "consecutive_deep_dive_count": 0
        }
    ],
    "search_plan_summary": [
        {
            "query": "Microsoft Building Footprints global download",
            "language": "en",
            "priority": "High",
            "rank": 1,
            "target_type": "generic",
            "status": "searched"
        },
        {
            "query": "OpenStreetMap building data extract global",
            "language": "en",
            "priority": "High",
            "rank": 2,
            "target_type": "generic",
            "status": "searched"
        },
        {
            "query": "Google Open Buildings dataset download",
            "language": "en",
            "priority": "High",
            "rank": 3,
            "target_type": "generic",
            "status": "searched"
        },
        {
            "query": "Global Human Settlement Layer (GHSL) built-up area data",
            "language": "en",
            "priority": "High",
            "rank": 4,
            "target_type": "generic",
            "status": "searched"
        },
        {
            "query": "OpenStreetMap building attributes schema",
            "language": "en",
            "priority": "High",
            "rank": 5,
            "target_type": "generic",
            "status": "searched"
        },
        {
            "query": "WorldPop gridded population data global",
            "language": "en",
            "priority": "Medium",
            "rank": 6,
            "target_type": "generic",
            "status": "searched"
        },
        {
            "query": "Copernicus Global Land Cover built-up areas",
            "language": "en",
            "priority": "Medium",
            "rank": 7,
            "target_type": "generic",
            "status": "searched"
        },
        {
            "query": "Global building height dataset",
            "language": "en",
            "priority": "Medium",
            "rank": 8,
            "target_type": "generic",
            "status": "searched"
        },
        {
            "query": "Global building construction material dataset",
            "language": "en",
            "priority": "Medium",
            "rank": 9,
            "target_type": "generic",
            "status": "searched"
        },
        {
            "query": "Global critical infrastructure database GIS",
            "language": "en",
            "priority": "Medium",
            "rank": 10,
            "target_type": "generic",
            "status": "searched"
        },
        {
            "query": "Global exposure database for disaster risk reduction",
            "language": "en",
            "priority": "Medium",
            "rank": 11,
            "target_type": "generic",
            "status": "pending"
        },
        {
            "query": "Global property value map GIS",
            "language": "en",
            "priority": "Low",
            "rank": 12,
            "target_type": "generic",
            "status": "pending"
        },
        {
            "query": "Satellite imagery derived building footprints",
            "language": "en",
            "priority": "Low",
            "rank": 13,
            "target_type": "generic",
            "status": "pending"
        },
        {
            "query": "UN-Habitat urban data portal",
            "language": "en",
            "priority": "Low",
            "rank": 14,
            "target_type": "generic",
            "status": "pending"
        },
        {
            "query": "Global building age dataset GIS",
            "language": "en",
            "priority": "Low",
            "rank": 15,
            "target_type": "generic",
            "status": "pending"
        }
    ]
}