{
    "research_mode": "global",
    "target_country": null,
    "target_country_locode": null,
    "target_mode": "exposure",
    "target_which": "agriculture",
    "target_city": null,
    "start_time": "2025-09-10T17:10:17.376312",
    "end_time": "2025-09-10T17:19:53.524376",
    "total_iterations": 1,
    "final_structured_review_action": "accept",
    "final_confidence": null,
    "structured_data_items_count": 23,
    "structured_data": [
        {
            "name": "High-Resolution Gridded Livestock Projection for Western China Based on Machine Learning",
            "method_of_access": "Downloadable article (PDF) from MDPI website",
            "ccra_mode": "exposure",
            "ccra_type": "agriculture",
            "sector": "AFOLU",
            "subsector": "Emissions from livestock within the city boundary",
            "granularity": "Regional (Western China)",
            "description": "This article describes a high-resolution gridded livestock projection for Western China based on machine learning. It is published in the journal Remote Sensing by MDPI.",
            "url": "https://www.mdpi.com/2072-4292/13/24/5038",
            "country": "Global",
            "country_locode": null
        },
        {
            "name": "Modelling the distribution of chickens, ducks, and geese in China",
            "method_of_access": "Purchase PDF, Access through organization",
            "ccra_mode": "exposure",
            "ccra_type": "agriculture",
            "sector": "AFOLU",
            "subsector": "Emissions from livestock within the city boundary",
            "granularity": "National",
            "data_format": "null",
            "description": "This study developed 1km resolution population density models for China's chickens, ducks, and geese. It used an information theoretic approach to predict poultry densities based on statistical relationships between poultry census data and high-resolution agro-ecological predictor variables. The output includes mean and coefficient of variation maps for each species, intended for use in epidemiological studies and livestock policy/management.",
            "spatial_resolution": "1km",
            "temporal_coverage": "May 2011 (publication date), data used for modeling is census data, specific period not mentioned.",
            "url": "https://www.sciencedirect.com/science/article/abs/pii/S0167880911001071",
            "country": "Global",
            "country_locode": null
        },
        {
            "name": "CELL5M: A Multidisciplinary Geospatial Database for Africa South of the Sahara",
            "method_of_access": "Downloadable ZIP file, API",
            "ccra_mode": "exposure",
            "ccra_type": "agriculture",
            "sector": "AFOLU",
            "granularity": "regional",
            "data_format": "ZIP, Archive, Shape",
            "description": "The CELL5M database is a multidisciplinary geospatial database for Africa South of the Sahara (SSA) developed by HarvestChoice, IFPRI, and University of Minnesota. It includes over 750 biophysical and socio-economic indicators at a five arc-minute spatial resolution, covering over 350,000 grid cells. It supports decision-making for agricultural investment and cross-cutting spatial analyses at the nexus of poverty, health and nutrition, farming systems, innovation, and environment. The database also provides a standard-compliant data API. The work was undertaken as part of the CGIAR Research Program on Policies, Institutions, and Markets (PIM) led by IFPRI, with funding from PIM, the Bill and Melinda Gates Foundation, and USAID Bureau for Food Security. (2016-02-11)",
            "spatial_resolution": "five arc-minute spatial resolution",
            "url": "https://dataverse.harvard.edu/dataset.xhtml?persistentId=doi:10.7910/DVN/G4TBLF",
            "country": "Global",
            "country_locode": null
        },
        {
            "name": "Annual 30-m maps of global grassland class and extent (2000–2022) based on spatiotemporal Machine Learning",
            "method_of_access": "Downloadable PDF, Cloud-Optimized GeoTIFFs, Google Earth Engine assets",
            "ccra_mode": "exposure",
            "ccra_type": "agriculture",
            "sector": "AFOLU",
            "granularity": "Global",
            "data_format": "PDF, Cloud-Optimized GeoTIFFs",
            "description": "This paper describes the production and evaluation of global grassland extent mapped annually for 2000–2022 at 30m spatial resolution. The dataset shows the spatiotemporal distribution of cultivated and natural/semi-natural grassland classes, produced using GLAD Landsat ARD-2 image archive, climatic, landform and proximity covariates, spatiotemporal machine learning (per-class Random Forest), and over 2.3M reference samples. The maps are available under an open data license.",
            "spatial_resolution": "30m",
            "temporal_coverage": "2000–2022 (annually)",
            "url": "https://www.nature.com/articles/s41597-024-04139-6",
            "country": "Global",
            "country_locode": null
        },
        {
            "name": "Copernicus Global Land Cover Layers—Collection 2",
            "method_of_access": "Google Scholar search for the article title, implying access to the publication, but no direct data access method is specified in the provided content.",
            "ccra_mode": "exposure",
            "ccra_type": "agriculture",
            "sector": "AFOLU",
            "subsector": "Emissions from land within the city boundary",
            "granularity": "Global",
            "description": "The content mentions 'Copernicus Global Land Cover Layers—Collection 2' in the context of Google Scholar search, suggesting it is a dataset or publication related to global land cover. No further details about its content, provider, time period, or update frequency are available in the provided text.",
            "spatial_resolution": "Global",
            "url": "https://www.mdpi.com/2072-4292/12/6/1044",
            "country": "Global",
            "country_locode": null
        },
        {
            "name": "Spatial Data and Analytics (SDA)",
            "method_of_access": "web interface query, downloadable files (MapSPAM, HarvestChoice Datasets, DREAM model)",
            "ccra_mode": "exposure",
            "ccra_type": "agriculture",
            "sector": "AFOLU",
            "granularity": "Global",
            "description": "The Spatial Data and Analytics (SDA) research theme by IFPRI focuses on leveraging big data, remote sensing, and artificial intelligence to enhance monitoring, measurement, and management of farming systems for sustainable food production. It aims to apply data-driven solutions to reduce hunger and poverty, transforming genomics, crop breeding, climate modeling, and agronomy. The project has been ongoing since 2014 and includes applications in agricultural statistics, crop insurance, crop procurement, land use, and rural finance.",
            "spatial_resolution": "Global",
            "temporal_coverage": "2014 - ongoing",
            "url": "https://www.ifpri.org/project/spatial-data-and-analytics-sda/",
            "country": "Global",
            "country_locode": null
        },
        {
            "name": "High-resolution maps of intensive and extensive livestock production in China (HIEL-China)",
            "method_of_access": "Downloadable PDF, potentially data available through authors or associated research",
            "ccra_mode": "exposure",
            "ccra_type": "agriculture",
            "sector": "AFOLU",
            "subsector": "Emissions from livestock within the city boundary",
            "granularity": "National",
            "data_format": "Not explicitly stated for the dataset itself, but the article is a PDF. Implied gridded data (30\"x30\" grid).",
            "description": "This study presents a spatially detailed dataset on intensive (point) and extensive (30\"x30\" grid) livestock production in China (HIEL-China) for 2017. It is developed based on an improved model and multi-scale data, providing reliable estimation of livestock density with increased spatial accuracy. The dataset aims to address underestimation in previous datasets and shows different structures of livestock production systems in urban, peri-urban, and rural areas. It has broad application prospects in studies concerning food security and environmental sustainability.",
            "spatial_resolution": "30\"x30\" grid (extensive livestock), point (intensive livestock)",
            "temporal_coverage": "2017",
            "url": "https://www.sciencedirect.com/science/article/pii/S2666916122000482",
            "country": "Global",
            "country_locode": null
        },
        {
            "name": "ESA WorldCover",
            "method_of_access": "accessed and downloaded online",
            "ccra_mode": "exposure",
            "ccra_type": "agriculture",
            "sector": "AFOLU",
            "granularity": "Global",
            "description": "ESA WorldCover provides global land cover mapping at high spatial resolution (10m) using data from Copernicus Sentinel-1 and Sentinel-2 satellites. It supports various sectors including biodiversity monitoring, food security, carbon assessment, and climate change. The 2020 version was completed in October 2021, and an improved 2021 version was released on 28 October 2022. It shows 11 different land-cover classes.",
            "spatial_resolution": "10m",
            "temporal_coverage": "2020, 2021",
            "url": "https://sentinels.copernicus.eu/web/success-stories/-/meet-esa-worldcover-global-land-cover-mapping-at-high-spatial-resolution",
            "country": "Global",
            "country_locode": null
        },
        {
            "name": "Land Processes Distributed Active Archive Center (LP DAAC) Data",
            "method_of_access": "Earthdata Search, LPDAAC Data Resources GitHub, AppEEARS",
            "ccra_mode": "exposure",
            "ccra_type": "agriculture",
            "sector": "AFOLU",
            "granularity": "Global",
            "description": "The Land Processes Distributed Active Archive Center (LP DAAC) operates as a partnership between the United States Geological Survey (USGS) and the National Aeronautics and Space Administration (NASA) dedicated to enabling natural resource managers, disaster responders, academia, and industry to investigate, characterize, and monitor land surface processes. It provides access to trusted, well-documented earth science datasets at no cost, supporting science applications ranging from agriculture and geology to urban heat and wildfire mitigation. LP DAAC processes, archives, and distributes more than 14 petabytes of land remote sensing data from major missions such as ASTER, MODIS, VIIRS, ECOSTRESS, GEDI, EMIT, and HLS. ECOSTRESS specifically measures the temperature of plants to better understand how much water plants need and how they respond to stress, addressing agricultural vulnerability.",
            "url": "https://www.earthdata.nasa.gov/centers/lp-daac",
            "country": "Global",
            "country_locode": null
        },
        {
            "name": "ECIRA - European crop-specific irrigated area at 1 km resolution annually from 2010 to 2020",
            "method_of_access": "Downloadable PDF, View on publisher site",
            "ccra_mode": "exposure",
            "ccra_type": "agriculture",
            "sector": "AFOLU",
            "granularity": "Regional",
            "data_format": "gridded data",
            "description": "The European Crop-specific IRrigated Area (ECIRA) dataset provides annual 1-km gridded crop-specific irrigated area for 16 crop types across 28 European countries for 2010–2020. It was developed by the Department of Crop Sciences, University of Göttingen and the Institute for Food and Resource Economics (ILR), University of Bonn.",
            "spatial_resolution": "1 km",
            "temporal_coverage": "2010-2020, annually",
            "url": "https://pmc.ncbi.nlm.nih.gov/articles/PMC12322114/",
            "country": "Global",
            "country_locode": null
        },
        {
            "name": "Mapping livestock density distribution in the Selenge River Basin of Mongolia using random forest",
            "method_of_access": "Downloadable PDF",
            "ccra_mode": "exposure",
            "ccra_type": "agriculture",
            "sector": "AFOLU",
            "subsector": "Emissions from livestock within the city boundary",
            "granularity": "Regional",
            "data_format": "PDF",
            "description": "This study introduces a spatialization method using random forest (RF) to obtain high-resolution gridded distribution data of total livestock, sheep & goats, cattle, and horses in the Selenge River Basin, Mongolia. It analyzes the contribution of factors influencing the spatial distribution of livestock and provides fundamental support for animal husbandry regulation in the Mongolian Plateau or other large steppe regions worldwide.",
            "spatial_resolution": "High-resolution gridded data",
            "url": "https://www.nature.com/articles/s41598-024-61959-7",
            "country": "Global",
            "country_locode": null
        },
        {
            "name": "Landsat-Derived Global Rainfed-Cropland Product L2 2020 30 m V002",
            "method_of_access": "Downloadable files (GeoTIFF), API (CMR API)",
            "ccra_mode": "exposure",
            "ccra_type": "agriculture",
            "sector": "AFOLU",
            "granularity": "Global (currently CONUS, global coverage planned)",
            "data_format": "GeoTIFF",
            "description": "The Landsat-Derived Global Rainfed-Cropland Product Level 2 2020 (LGRIP30_L2_RAIN) Version 2 data provides high-resolution, 30 meter (m) cropland data to assist and address food and water security issues. It maps agricultural lands by dividing them into rainfed single croplands and rainfed single croplands mixed with natural vegetation, and calculates applicable cropland areas across the globe. Produced using Landsat 8 time-series satellite sensor data for the 2019-2021 period for a nominal 2020 product. Currently covers the conterminous United States (CONUS), with global coverage to be added later. Provided by LP DAAC (Land Processes Distributed Active Archive Center).",
            "spatial_resolution": "30m",
            "temporal_coverage": "2019-2021 (nominal 2020 product)",
            "url": "https://cmr.earthdata.nasa.gov/search/concepts/C3263433662-LPCLOUD.html",
            "country": "Global",
            "country_locode": null
        },
        {
            "name": "A cultivated planet in 2010 - Part 2: The global gridded agricultural-production maps (SPAM2010)",
            "method_of_access": "Downloadable via an open-data repository (DOI: https://doi.org/10.7910/DVN/PRFF8V) and available on MapSPAM website (http://mapspam.info/)",
            "ccra_mode": "exposure",
            "ccra_type": "agriculture",
            "sector": "AFOLU",
            "granularity": "Global",
            "description": "SPAM2010 provides the latest global spatially explicit datasets on agricultural production circa 2010. It includes methodological and data enhancements to the SPAM (Spatial Production Allocation Model) dataset family, such as updated base year, extended crop list (from 20 to 42 major crops), and expanded subnational administrative-unit coverage. It estimates crop area, yield, and production under four farming systems across a global 5 arcmin grid. The data is provided by IFPRI.",
            "spatial_resolution": "5 arcmin grid (global)",
            "temporal_coverage": "circa 2010",
            "url": "https://cgspace.cgiar.org/items/0b4b20ab-06fd-4c95-82ce-a818ea15e13e",
            "country": "Global",
            "country_locode": null
        },
        {
            "name": "WorldCover",
            "method_of_access": "web interface query",
            "ccra_mode": "exposure",
            "ccra_type": "agriculture",
            "sector": "AFOLU",
            "granularity": "Global",
            "description": "WorldCover provides global land cover products for 2020 and 2021 at 10 m resolution, developed and validated based on Sentinel-1 and Sentinel-2 data. It is developed by a consortium of European service providers and research organizations.",
            "spatial_resolution": "10 m",
            "temporal_coverage": "2020-2021",
            "url": "https://esa-worldcover.org/en",
            "country": "Global",
            "country_locode": null
        },
        {
            "name": "GAEZ agro-climatic suitability index",
            "method_of_access": "Web interface query, downloadable files (implied by GAEZ DATA PORTAL link)",
            "ccra_mode": "exposure",
            "ccra_type": "agriculture",
            "sector": "AFOLU",
            "granularity": "Global",
            "description": "The GAEZ agro-climatic suitability index assesses land suitability for different crops (Wetland Rice, Dryland Rice, Wheat, Maize) based on climate, soil, and terrain conditions. Developed by FAO and IIASA, the Agro-Ecological Zones (AEZ) framework evaluates crop suitability and production potential under specific conditions to aid in sustainable agricultural decisions. Source data is from the Food and Agriculture Organization of the United Nations (FAO).",
            "spatial_resolution": "1km x 1km",
            "temporal_coverage": "1981-2010, 2011-2040, 2041-2070, 2071-2100",
            "url": "https://help.earthmap.org/customizations-datasets/pilafolur-datasets/gaez-agriculture/gaez-agro-climatic-suitability-index",
            "country": "Global",
            "country_locode": null
        },
        {
            "name": "Land Use/Land Cover Data Access and Tools",
            "method_of_access": "Web interface query, downloadable files (HDF-EOS, GeoTIFF)",
            "ccra_mode": "exposure",
            "ccra_type": "agriculture",
            "sector": "AFOLU",
            "subsector": "Emissions from land within the city boundary",
            "granularity": "Global, Regional",
            "data_format": "HDF-EOS, GeoTIFF",
            "description": "NASA provides various land use/land cover datasets and tools, ranging from global assessments of snow cover albedo to food insecurity cropland extent measurements. These datasets help researchers translate interconnected data points into actionable knowledge. The page highlights commonly used land cover/crop extent data from MODIS, GFSAD, and GLanCE, covering periods from 2001 to 2021.",
            "spatial_resolution": "500 m, 30 m, 90 m, 1 km",
            "temporal_coverage": "2001-2021 (MODIS), 2007-2016 (GFSAD, varies), 2001-2019 (GLanCE)",
            "url": "https://www.earthdata.nasa.gov/topics/land-surface/land-use-land-cover/data-access-tools",
            "country": "Global",
            "country_locode": null
        },
        {
            "name": "Generating global crop distribution maps: From census to grid",
            "method_of_access": "Purchase PDF, Access through organization",
            "ccra_mode": "exposure",
            "ccra_type": "agriculture",
            "sector": "AFOLU",
            "granularity": "Global",
            "data_format": "gridded data",
            "description": "This research paper describes a new crop allocation model that estimates crop area, yield, and production for 20 major crops under four rainfed and irrigated production systems across a global 5 arc minute grid. It builds on prior work for Latin America and the Caribbean (LAC) and sub-Saharan Africa (SSA), incorporating comparative advantage and economic worth. The methodology accounts for spatial variation in biophysical conditions and uses crop prices for allocation. It also allows for inclusion of partial, existing sources of evidence and feedback on local crop distribution patterns through spatial allocation priors and an entropy-based optimization procedure. The paper compares global datasets and discusses factors influencing their differences, providing recommendations for improving reliability and utility of crop production distribution data.",
            "spatial_resolution": "5 arc minute grid",
            "url": "https://www.sciencedirect.com/science/article/abs/pii/S0308521X14000110",
            "country": "Global",
            "country_locode": null
        },
        {
            "name": "GCI30: a global dataset of 30 m cropping intensity using multisource remote sensing imagery",
            "method_of_access": "Downloadable file via Harvard Dataverse",
            "ccra_mode": "exposure",
            "ccra_type": "agriculture",
            "sector": "AFOLU",
            "granularity": "Global",
            "description": "GCI30 is a global, spatially continuous cropping intensity map dataset at 30m resolution, developed using multiple satellite data. It provides insights into agricultural land use intensity and indicates that single cropping is the primary agricultural system globally. The dataset covers the period 2016-2018 and is available on Harvard Dataverse.",
            "spatial_resolution": "30m",
            "temporal_coverage": "2016-2018",
            "url": "https://essd.copernicus.org/articles/13/4799/2021/",
            "country": "Global",
            "country_locode": null
        },
        {
            "name": "Global Pasture Watch - Annual grassland class and extent maps at 30-m spatial resolution (2000—2022)",
            "method_of_access": "Downloadable file",
            "ccra_mode": "exposure",
            "ccra_type": "agriculture",
            "sector": "Agriculture, Forestry, and Other Land Use (AFOLU)",
            "subsector": "Emissions from land within the city boundary",
            "granularity": "Global",
            "description": "Global annual grassland class and extent maps for 2000—2022 produced by Parente et al. (2024) within the scope of the Global Pasture Watch initiative. The dataset classifies grassland into 'Cultivated grassland' and 'Natural/semi-natural grassland' based on specific vegetation and land use criteria.",
            "spatial_resolution": "30-m spatial resolution",
            "temporal_coverage": "2000—2022",
            "url": "https://zenodo.org/records/13890401",
            "country": "Global",
            "country_locode": null
        },
        {
            "name": "A global open-source dataset of monthly irrigated and rainfed cropped areas (MIRCA-OS) for the 21st century",
            "method_of_access": "Downloadable PDF",
            "ccra_mode": "exposure",
            "ccra_type": "agriculture",
            "sector": "AFOLU",
            "granularity": "Global",
            "data_format": "PDF",
            "description": "A new data library of subnational crop-specific irrigated and rainfed harvested area statistics combined with global gridded land cover products to develop a global gridded (5-arcminute) irrigated and rainfed cropped area (MIRCA-OS) dataset. It covers 23 crop classes and supports insights into spatially detailed patterns of irrigated and rainfed cropland change.",
            "spatial_resolution": "5-arcminute",
            "temporal_coverage": "2000-2015",
            "url": "https://www.nature.com/articles/s41597-024-04313-w",
            "country": "Global",
            "country_locode": null
        },
        {
            "name": "Global Agro-Ecological Zones (GAEZ)",
            "method_of_access": "Web interface with data access guides and links to specific data categories",
            "ccra_mode": "exposure",
            "ccra_type": "agriculture",
            "sector": "Agriculture, Forestry, and Other Land Use (AFOLU)",
            "granularity": "Global to sub-national levels (GAEZ v3.0 offers a standardized framework for the characterization of climate, soil and terrain conditions relevant to agricultural production, which can be applied at global to sub-national levels.)",
            "description": "The Global Agro-Ecological Zones (GAEZ) dataset, developed by the Food and Agriculture Organization of the United Nations (FAO) and the International Institute for Applied Systems Analysis (IIASA), provides comprehensive assessments of agricultural resources and potential. It includes data on land and water resources, agro-climatic resources, suitability and potential yield, actual yield and production, and yield and production gaps. The assessment has been continuously developed over the past 30 years, with global assessments performed every few years since 2000. This is the most ambitious assessment yet, aiming to make publicly available the entire database and all results, amounting to many terabytes of data.",
            "spatial_resolution": "5' grid cell for actual yield and production; GAEZ v3.0 can be applied at global to sub-national levels.",
            "temporal_coverage": "Time series data from the Climate Research Unit (CRU) are used for agro-climatic resources; first global AEZ assessment in 2000, with updates every few years since.",
            "url": "https://un-fao-gaez-4-1-nycgov.hub.arcgis.com/",
            "country": "Global",
            "country_locode": null
        },
        {
            "name": "Annual Agriculture in the Paraguayan Chaco 2000/2001",
            "method_of_access": "Not specified, likely direct access or download from the source.",
            "ccra_mode": "exposure",
            "ccra_type": "agriculture",
            "sector": "AFOLU",
            "granularity": "Regional (Paraguayan Chaco)",
            "data_format": "Map",
            "description": "Map of soy crop areas in 2000/2001 in the Paraguayan Chaco, elaborated based on the interpretation of Landsat images of 30 m spatial resolution. Provided by Agrosatélite Geotecnología Aplicada.",
            "spatial_resolution": "30 m",
            "temporal_coverage": "2000-2001",
            "url": "https://paraguay.mapbiomas.org/en/map/coleccion-1-0/",
            "country": "Global",
            "country_locode": null
        },
        {
            "name": "SPAM 2020 V2",
            "method_of_access": "Downloadable file via Harvard Dataverse",
            "ccra_mode": "exposure",
            "ccra_type": "agriculture",
            "sector": "AFOLU",
            "granularity": "Global",
            "description": "The latest version of SPAM (Spatial Production Allocation Model) provides global grid-level data on crop distribution for 42 crops. It uses a cross-entropy approach to estimate crop distribution within disaggregated units, moving data from coarser units (countries, subnational provinces) to finer units (grid cells) to reveal spatial patterns of crop performance. Previous versions (SPAM 2000, 2005, 2010, 2017) are also available.",
            "spatial_resolution": "Grid cells (global gridscape)",
            "temporal_coverage": "2020 (V2), with previous versions for 2000, 2005, 2010, and 2017 (SSA only)",
            "url": "https://www.mapspam.info/",
            "country": "Global",
            "country_locode": null
        }
    ],
    "decision_log": [
        {
            "action": "init",
            "mode": "exposure",
            "which": "agriculture",
            "research_mode": "global",
            "english_only_mode": false
        },
        {
            "agent": "Planner",
            "action": "plan_generated",
            "summary": "CCRA plan for exposure/agriculture (Global) with 15 structured queries.",
            "target_country_locode": null,
            "primary_languages": [
                "en"
            ],
            "parsed_keywords_count": 15,
            "structured_parsing_successful": true
        },
        {
            "agent": "Researcher",
            "action": "research_iteration_completed",
            "queries_processed": [
                "Global cropland extent GeoTIFF 30m",
                "ESA WorldCover 2020 agriculture download",
                "Global Food Security-support Analysis Data (GFSAD) NetCDF",
                "SPAM dataset global crop production gridded",
                "FAO GAEZ data download agricultural land suitability",
                "Global livestock density map 1km",
                "Global irrigated area map GeoTIFF",
                "Global agricultural population density gridded",
                "Copernicus Global Land Service Land Cover 100m agriculture",
                "IFPRI HarvestChoice spatial data agriculture"
            ],
            "urls_collected": 100,
            "relevant_urls_for_scraping": 81,
            "new_data_items": 23
        },
        {
            "agent": "Reviewer",
            "timestamp": "2025-09-10T17:18:42.719742",
            "action": "raw_review_completed",
            "suggested_action": "proceed_to_extraction",
            "documents_selected_for_extraction_count": 2,
            "summary": "This batch of documents contains a mix of academic papers and data portals. The Harvard Dataverse entry for CELL5M is highly promising as it explicitly states it's a multidisciplinary geospatial database with over 750 biophysical and socio-economic indicators for Africa South of the Sahara, at a 5 arc-minute resolution, and provides download options. The ScienceDirect article on poultry distribution in China is a research paper that describes the creation of 1km resolution density models, which could be valuable if the underlying data is accessible or the methodology is highly relevant for similar data generation. The MDPI link appears to be a journal's table of contents or a machine-readable page, not directly a data source. Several other links returned 'No content available', indicating issues with scraping or irrelevant pages.",
            "reasoning": "The Harvard Dataverse link directly points to a geospatial database highly relevant for agriculture exposure, meeting the resolution and format criteria. The ScienceDirect article describes the creation of high-resolution agricultural exposure data, which warrants further investigation to see if the data is available or the methodology is directly applicable. The other 'No content available' links need to be re-scraped or are likely irrelevant."
        },
        {
            "agent": "Extractor",
            "action": "extraction_complete",
            "documents_processed_in_batch": 81,
            "new_data_items_extracted": 23,
            "total_structured_items": 23
        },
        {
            "agent": "StructuredReviewer",
            "timestamp": "2025-09-10T17:19:53.452568",
            "action": "structured_review_completed",
            "suggested_action": "accept",
            "overall_confidence": "High",
            "summary": "The extracted data primarily focuses on land cover, land use, and agricultural production, with a strong emphasis on gridded datasets. Several entries provide global coverage at fine spatial resolutions (30m, 10m, 1km, 5 arcmin), which is highly relevant for exposure assessment in agriculture. Key sources include reputable organizations like NASA, ESA, IFPRI, FAO, and academic publishers (Nature, MDPI, ScienceDirect). While there's good coverage of agricultural land, specific exposure indicators related to population, built environment, economic, socioeconomic vulnerability, health, and governance are largely missing, as expected for an 'agriculture' specific exposure search. The current search plan was for 'Global cropland extent', 'ESA WorldCover', and 'Global Food Security-support Analysis Data (GFSAD)', and the extracted data aligns well with these queries, providing relevant datasets for agricultural exposure.",
            "reasoning": "The extracted datasets are highly relevant, credible, and provide excellent coverage for the 'agriculture' component of exposure at a global scale and fine resolution. They directly address the initial search queries and provide valuable geospatial data for CCRA. While other exposure categories are not covered, this is consistent with the specific 'agriculture' focus of the search. These datasets are ready for use in quantitative risk assessment.",
            "final_decision_mode": false,
            "consecutive_deep_dive_count": 0
        }
    ],
    "search_plan_summary": [
        {
            "query": "Global cropland extent GeoTIFF 30m",
            "language": "en",
            "priority": "medium",
            "rank": 1,
            "target_type": "generic",
            "status": "searched"
        },
        {
            "query": "ESA WorldCover 2020 agriculture download",
            "language": "en",
            "priority": "medium",
            "rank": 2,
            "target_type": "generic",
            "status": "searched"
        },
        {
            "query": "Global Food Security-support Analysis Data (GFSAD) NetCDF",
            "language": "en",
            "priority": "medium",
            "rank": 3,
            "target_type": "generic",
            "status": "searched"
        },
        {
            "query": "SPAM dataset global crop production gridded",
            "language": "en",
            "priority": "medium",
            "rank": 4,
            "target_type": "generic",
            "status": "searched"
        },
        {
            "query": "FAO GAEZ data download agricultural land suitability",
            "language": "en",
            "priority": "medium",
            "rank": 5,
            "target_type": "generic",
            "status": "searched"
        },
        {
            "query": "Global livestock density map 1km",
            "language": "en",
            "priority": "medium",
            "rank": 6,
            "target_type": "generic",
            "status": "searched"
        },
        {
            "query": "Global irrigated area map GeoTIFF",
            "language": "en",
            "priority": "medium",
            "rank": 7,
            "target_type": "generic",
            "status": "searched"
        },
        {
            "query": "Global agricultural population density gridded",
            "language": "en",
            "priority": "medium",
            "rank": 8,
            "target_type": "generic",
            "status": "searched"
        },
        {
            "query": "Copernicus Global Land Service Land Cover 100m agriculture",
            "language": "en",
            "priority": "medium",
            "rank": 9,
            "target_type": "generic",
            "status": "searched"
        },
        {
            "query": "IFPRI HarvestChoice spatial data agriculture",
            "language": "en",
            "priority": "medium",
            "rank": 10,
            "target_type": "generic",
            "status": "searched"
        },
        {
            "query": "Global aquaculture production spatial data",
            "language": "en",
            "priority": "medium",
            "rank": 11,
            "target_type": "generic",
            "status": "pending"
        },
        {
            "query": "OpenStreetMap agricultural infrastructure export GeoJSON",
            "language": "en",
            "priority": "medium",
            "rank": 12,
            "target_type": "generic",
            "status": "pending"
        },
        {
            "query": "World Bank agriculture data spatial disaggregation",
            "language": "en",
            "priority": "medium",
            "rank": 13,
            "target_type": "generic",
            "status": "pending"
        },
        {
            "query": "CGIAR data portal agriculture geospatial",
            "language": "en",
            "priority": "medium",
            "rank": 14,
            "target_type": "generic",
            "status": "pending"
        },
        {
            "query": "Global agricultural processing facilities map",
            "language": "en",
            "priority": "medium",
            "rank": 15,
            "target_type": "generic",
            "status": "pending"
        }
    ]
}