{
    "research_mode": "global",
    "target_country": null,
    "target_country_locode": null,
    "target_mode": "exposure",
    "target_which": "infrastructure",
    "target_city": null,
    "start_time": "2025-09-10T17:10:12.151687",
    "end_time": "2025-09-10T17:17:20.051462",
    "total_iterations": 1,
    "final_structured_review_action": "accept",
    "final_confidence": null,
    "structured_data_items_count": 7,
    "structured_data": [
        {
            "name": "OpenStreetMap Data Export Tool",
            "method_of_access": "Web interface query, downloadable files (various formats)",
            "ccra_mode": "exposure",
            "ccra_type": "infrastructure",
            "granularity": "Global",
            "data_format": "Various file formats (implied from 'customized extracts')",
            "description": "The Export Tool is an open service that creates customized extracts of up-to-date OpenStreetMap data. Users can download and use the data by crediting OpenStreetMap contributors. It is provided by HOT (Humanitarian OpenStreetMap Team) and its partners.",
            "spatial_resolution": "Global (user-defined export areas)",
            "temporal_coverage": "Up-to-date (continuously updated OSM data)",
            "url": "https://export.hotosm.org/",
            "country": "Global",
            "country_locode": null
        },
        {
            "name": "OpenStreetMap Network Dataset",
            "method_of_access": "Downloadable data, described as free",
            "ccra_mode": "exposure",
            "ccra_type": "infrastructure",
            "sector": "Transportation",
            "subsector": "On-road Transportation",
            "granularity": "Global, with varying coverage detail depending on area",
            "description": "OpenStreetMap (OSM) provides a detailed and community-updated road network dataset. It includes transportation features like highways, roads, paths, alleys, motorways, bus stops, traffic lights, and stop signs. The coverage varies by area, with some gaps where community focus has been less. TIGER data from the US Census Bureau formed the basis of the OSM road network in 2008.",
            "spatial_resolution": "Varies, highly detailed in some areas, less so in others",
            "temporal_coverage": "Continuously updated",
            "url": "https://gisgeography.com/highways-roads-gis-data/",
            "country": "Global",
            "country_locode": null
        },
        {
            "name": "WorldPop - Spatial Distribution of Population",
            "method_of_access": "Website download (implied by 'Datasets' section)",
            "ccra_mode": "exposure",
            "ccra_type": "infrastructure",
            "granularity": "Global (implied by 'across the globe' and extensive country list)",
            "data_format": "GeoTIFF (implied by CCRA framework for population grids)",
            "description": "WorldPop provides open, academically peer-reviewed methods for mapping populations at high spatial resolution across the globe. Since 2013, they have partnered with governments, UN agencies and donors to construct more than 45,000 demographic datasets, complementing traditional population sources with dynamic, high-resolution data from satellites and cellphones for mapping human population distributions. This specific dataset focuses on the spatial distribution of population.",
            "spatial_resolution": "High spatial resolution (implied by 'high spatial resolution across the globe' and CCRA framework suggests 100m-1km for population grids)",
            "temporal_coverage": "Since 2013 (implied by 'Since 2013, they have partnered...'), annual snapshots (implied by CCRA framework for population grids)",
            "url": "https://data.humdata.org/organization/worldpop",
            "country": "Global",
            "country_locode": null
        },
        {
            "name": "GHS-BUILT R2015B - GHS built-up grid, derived from Landsat, multitemporal (1975, 1990, 2000, 2014) - OBSOLETE RELEASE",
            "method_of_access": "Downloadable files via FTP/HTTP URL, Project Website",
            "ccra_mode": "exposure",
            "ccra_type": "infrastructure",
            "granularity": "Global",
            "data_format": "TIF (GeoTIFF) in compressed ZIP files",
            "description": "The GHS-BUILT R2015B dataset is an obsolete release of the Global Human Settlement Layer (GHSL) project, supported by the European Commission, Joint Research Center. It provides multitemporal information on built-up presence derived from Landsat image collections (GLS1975, GLS1990, GLS2000, and ad-hoc Landsat 8 collection 2013/2014). The main product is a built-up area grid, which has been used to derive additional layers per each epoch. The data are offered at high, middle, and low resolutions.",
            "spatial_resolution": "Approx. 38m (high resolution) in Spherical Mercator (EPSG:3857), 250m and 1km in Mollweide",
            "temporal_coverage": "1975, 1990, 2000, 2014",
            "url": "https://data.europa.eu/89h/jrc-ghsl-ghs_built_ldsmt_globe_r2015b",
            "country": "Global",
            "country_locode": null
        },
        {
            "name": "Global Human Settlement Layer",
            "method_of_access": "Downloadable files (TIF and OVR)",
            "ccra_mode": "exposure",
            "ccra_type": "infrastructure",
            "granularity": "Global",
            "data_format": "TIF, OVR",
            "description": "The Global Human Settlement Layer (GHSL) project, supported by the European Commission, Joint Research Centre, and Directorate-General for Regional and Urban Policy, produces new global spatial information, evidence-based analytics, and knowledge describing human presence on the planet. It processes satellite image data streams, census data, and crowd-sourced geographic information to report on population and built-up infrastructures. The project supports EU regional urban policy and international frameworks like Sustainable Development Goals, Global Urban Agenda, Climate Change, and the Sendai Framework for Disaster Risk Reduction. The collection consists of built-up (GHS-BUILT), population (GHS-POP) grids, and city model (GHS-SMOD).",
            "spatial_resolution": "Global, fine-scale",
            "temporal_coverage": "1975-2030 (various datasets within the collection)",
            "url": "https://data.jrc.ec.europa.eu/collection/ghsl",
            "country": "Global",
            "country_locode": null
        },
        {
            "name": "GHSL: Global built-up surface 1975-2030 (P2023A)",
            "method_of_access": "API (Google Earth Engine)",
            "ccra_mode": "exposure",
            "ccra_type": "infrastructure",
            "granularity": "Global",
            "data_format": "raster",
            "description": "This raster dataset depicts the distribution of built-up surfaces, expressed in square metres per 100 m grid cell. The dataset measures: a) the total built-up surface, and b) the built-up surface allocated to grid cells of predominant non-residential (NRES) use. Data are spatially-temporally interpolated or extrapolated from 1975 to 2030 in 5 year intervals. Produced by the European Commission, Joint Research Centre.",
            "spatial_resolution": "100 meters",
            "temporal_coverage": "1975-01-01T00:00:00Z–2030-12-31T00:00:00Z",
            "url": "https://developers.google.com/earth-engine/datasets/catalog/JRC_GHSL_P2023A_GHS_BUILT_S",
            "country": "Global",
            "country_locode": null
        },
        {
            "name": "WorldPop-Global-Unconstrained gridded population data",
            "method_of_access": "All relevant data are within the paper and its Supporting Information files.",
            "ccra_mode": "exposure",
            "ccra_type": "infrastructure",
            "granularity": "cell-level",
            "description": "This dataset evaluates the cell-level accuracy of WorldPop-Global-Unconstrained gridded population datasets, particularly in Low- and Middle-Income Countries (LMICs). The simulation analysis was conducted in Khomas, Namibia, using a synthetic 2016 population with introduced levels of outdatedness and inaccuracy. The study found large cell-level errors, especially in slum cells, driven by the averaging of population densities in large areal units before model training. It suggests incorporating finer-scale training data and new building footprint datasets to improve accuracy.",
            "spatial_resolution": "cell-level",
            "temporal_coverage": "2016 (synthetic population)",
            "url": "https://journals.plos.org/plosone/article?id=10.1371/journal.pone.0271504",
            "country": "Global",
            "country_locode": null
        }
    ],
    "decision_log": [
        {
            "action": "init",
            "mode": "exposure",
            "which": "infrastructure",
            "research_mode": "global",
            "english_only_mode": false
        },
        {
            "agent": "Planner",
            "action": "plan_generated",
            "summary": "CCRA plan for exposure/infrastructure (Global) with 15 structured queries.",
            "target_country_locode": null,
            "primary_languages": [
                "en"
            ],
            "parsed_keywords_count": 15,
            "structured_parsing_successful": true
        },
        {
            "agent": "Researcher",
            "action": "research_iteration_completed",
            "queries_processed": [
                "OpenStreetMap global data download",
                "Global Human Settlement Layer GHSL built-up data",
                "Global building footprint dataset",
                "WorldPop gridded population data",
                "Global Power Plant Database WRI GIS",
                "Global road network dataset GIS",
                "Critical infrastructure mapping global",
                "Open data portal infrastructure GIS",
                "High resolution satellite imagery derived built-up area",
                "Global urban extent dataset"
            ],
            "urls_collected": 100,
            "relevant_urls_for_scraping": 78,
            "new_data_items": 7
        },
        {
            "agent": "Reviewer",
            "timestamp": "2025-09-10T17:16:54.606192",
            "action": "raw_review_completed",
            "suggested_action": "proceed_to_extraction",
            "documents_selected_for_extraction_count": 15,
            "summary": "This batch of documents contains several highly promising leads for 'exposure' and 'infrastructure' datasets, particularly from OpenStreetMap-related sources and WorldPop. Many URLs returned 'No content available', which is a limitation of the scraping process, but the URLs themselves suggest relevant data. The HOT OSM Export Tool and the GISGeography article explicitly mention and link to downloadable geospatial infrastructure data. WorldPop is a key source for high-resolution population exposure data. The ArcGIS Hub link for global power plants is also very relevant.",
            "reasoning": "Multiple documents directly point to or are platforms for downloading high-resolution geospatial infrastructure and population exposure data (OpenStreetMap, HOT OSM, WorldPop, ArcGIS Hub, Bing Maps building footprints, OpenInfraMap, Geofabrik). Even for those with 'No content available' snippets, the URLs themselves are strong indicators of relevant data sources. The GISGeography article provides excellent context and direct links to relevant road network datasets. The Nature and JRC publications are likely to contain or reference relevant datasets given their nature. The Iowa DOT link suggests state-level infrastructure data."
        },
        {
            "agent": "Extractor",
            "action": "extraction_complete",
            "documents_processed_in_batch": 78,
            "new_data_items_extracted": 7,
            "total_structured_items": 7
        },
        {
            "agent": "StructuredReviewer",
            "timestamp": "2025-09-10T17:17:20.003895",
            "action": "structured_review_completed",
            "suggested_action": "accept",
            "overall_confidence": "High",
            "summary": "The extracted data provides a strong foundation for global infrastructure exposure assessment, primarily through OpenStreetMap and Global Human Settlement Layer (GHSL) datasets. OSM offers detailed transportation infrastructure, while GHSL provides comprehensive built-up area information. WorldPop, while primarily population data, is crucial for understanding human presence within the built environment. The 'obsolete' GHSL dataset is noted but superseded by newer versions. The WorldPop research paper is less directly useful as a dataset source but highlights the importance of fine-scale population data.",
            "reasoning": "The extracted datasets (OpenStreetMap, GHSL, and WorldPop) are highly relevant, credible, and provide comprehensive coverage for global infrastructure exposure assessment. They meet the criteria for spatial resolution (fine-scale), temporal coverage (up-to-date or multi-temporal), and data format (geospatial). These datasets are directly usable for quantitative risk assessment.",
            "final_decision_mode": false,
            "consecutive_deep_dive_count": 0
        }
    ],
    "search_plan_summary": [
        {
            "query": "OpenStreetMap global data download",
            "language": "en",
            "priority": "High",
            "rank": 1,
            "target_type": "generic",
            "status": "searched"
        },
        {
            "query": "Global Human Settlement Layer GHSL built-up data",
            "language": "en",
            "priority": "High",
            "rank": 2,
            "target_type": "generic",
            "status": "searched"
        },
        {
            "query": "Global building footprint dataset",
            "language": "en",
            "priority": "High",
            "rank": 3,
            "target_type": "generic",
            "status": "searched"
        },
        {
            "query": "WorldPop gridded population data",
            "language": "en",
            "priority": "Medium-High",
            "rank": 4,
            "target_type": "generic",
            "status": "searched"
        },
        {
            "query": "Global Power Plant Database WRI GIS",
            "language": "en",
            "priority": "Medium",
            "rank": 5,
            "target_type": "generic",
            "status": "searched"
        },
        {
            "query": "Global road network dataset GIS",
            "language": "en",
            "priority": "Medium",
            "rank": 6,
            "target_type": "generic",
            "status": "searched"
        },
        {
            "query": "Critical infrastructure mapping global",
            "language": "en",
            "priority": "Medium",
            "rank": 7,
            "target_type": "generic",
            "status": "searched"
        },
        {
            "query": "Open data portal infrastructure GIS",
            "language": "en",
            "priority": "Medium",
            "rank": 8,
            "target_type": "generic",
            "status": "searched"
        },
        {
            "query": "High resolution satellite imagery derived built-up area",
            "language": "en",
            "priority": "Medium",
            "rank": 9,
            "target_type": "generic",
            "status": "searched"
        },
        {
            "query": "Global urban extent dataset",
            "language": "en",
            "priority": "Medium",
            "rank": 10,
            "target_type": "generic",
            "status": "searched"
        },
        {
            "query": "Global energy infrastructure GIS data",
            "language": "en",
            "priority": "Low-Medium",
            "rank": 11,
            "target_type": "generic",
            "status": "pending"
        },
        {
            "query": "Global railway network GIS data",
            "language": "en",
            "priority": "Low-Medium",
            "rank": 12,
            "target_type": "generic",
            "status": "pending"
        },
        {
            "query": "Global communication network spatial data",
            "language": "en",
            "priority": "Low",
            "rank": 13,
            "target_type": "generic",
            "status": "pending"
        },
        {
            "query": "Global water infrastructure GIS",
            "language": "en",
            "priority": "Low",
            "rank": 14,
            "target_type": "generic",
            "status": "pending"
        },
        {
            "query": "Global port locations GIS",
            "language": "en",
            "priority": "Low",
            "rank": 15,
            "target_type": "generic",
            "status": "pending"
        }
    ]
}