{
    "research_mode": "country",
    "target_country": "Brazil",
    "target_country_locode": "BRA",
    "target_mode": "exposure",
    "target_which": "economy",
    "target_city": null,
    "start_time": "2025-09-15T22:50:14.622531",
    "end_time": "2025-09-15T22:58:25.454236",
    "total_iterations": 1,
    "final_structured_review_action": "reject",
    "final_confidence": null,
    "structured_data_items_count": 2,
    "structured_data": [
        {
            "name": "Ranking - Agricultura - Valor da produção (2024)",
            "method_of_access": "Downloadable CSV, XLSX, PNG files; embedded table",
            "ccra_mode": "exposure",
            "ccra_type": "economy",
            "sector": "AFOLU",
            "granularity": "National",
            "data_format": "CSV, XLSX, PNG, Table",
            "description": "This dataset from IBGE - PAM provides the value of agricultural production for various crops in Brazil for the year 2024, measured in 'Mil Reais'. It includes a ranking of products by their production value.",
            "spatial_resolution": "National",
            "temporal_coverage": "2024",
            "url": "https://www.ibge.gov.br/explica/producao-agropecuaria/",
            "country": "Brazil",
            "country_locode": "BRA"
        },
        {
            "name": "World Bank Financed Project Data",
            "method_of_access": "Web interface query, interactive map",
            "ccra_mode": "exposure",
            "ccra_type": "economy",
            "granularity": "Project locations, potentially national for Brazil",
            "description": "The World Bank Maps platform provides information on projects, including IBRD and IDA operations, as well as various Trust Fund financed stand-alone projects. Projects are categorized by sector (e.g., Agriculture, Education, Energy, Health, Transportation, Water). The map displays project locations and allows filtering by project count ranges (1-10, 10-20, etc.). The data is provided by the World Bank Group.",
            "url": "https://maps.worldbank.org/",
            "country": "Brazil",
            "country_locode": "BRA"
        }
    ],
    "raw_review_action": "proceed_to_extraction",
    "last_raw_review_details": {
        "overall_assessment": "Reviewed 14 documents. The IBGE document on agricultural and livestock production is highly promising as it directly provides economic exposure data for Brazil, with download options for CSV/XLSX and mentions of municipal-level data. The World Bank Maps portal also appears to offer geospatial data, though the snippet is generic. Other documents either have no content or are too general to be useful for direct data extraction.",
        "documents_to_extract": [
            "https://www.ibge.gov.br/explica/producao-agropecuaria/",
            "https://maps.worldbank.org/"
        ],
        "suggested_next_action": "proceed_to_extraction",
        "action_reasoning": "The IBGE document explicitly provides economic data on agricultural and livestock production, which is directly relevant to 'economy' exposure. It also mentions municipal-level data and offers CSV/XLSX downloads, indicating structured data. The World Bank Maps portal is a credible source for geospatial data, which could contain relevant economic exposure layers, although further investigation is needed to confirm its suitability for the specified resolution and format requirements."
    },
    "last_structured_review_details": {
        "overall_assessment_notes": "The extracted datasets provide some economic exposure information for Brazil, but they are insufficient for a comprehensive CCRA exposure assessment. The IBGE data offers national-level agricultural production value, which is a relevant economic indicator but lacks spatial granularity and covers only one sector. The World Bank data provides project locations, which could be useful for identifying specific infrastructure, but the description is too general to confirm its utility for detailed exposure mapping or economic valuation. Neither dataset provides the gridded GDP, gridded GVA, or detailed built environment/infrastructure data that would be crucial for a robust exposure assessment at a finer spatial resolution.",
        "relevance_score": "Low",
        "relevance_reasoning": "While both datasets are related to the economy in Brazil, they do not provide the granular, spatially explicit data typically required for a comprehensive exposure assessment in CCRA. The IBGE data is national and sector-specific, and the World Bank data is too vague regarding the specific economic exposure metrics it offers.",
        "credibility_score": "High",
        "credibility_reasoning": "Both IBGE (Brazilian Institute of Geography and Statistics) and the World Bank are highly credible and authoritative sources for economic and project data.",
        "completeness_score": "Low",
        "completeness_reasoning": "The datasets are highly incomplete for a comprehensive exposure assessment. They lack gridded GDP/GVA, detailed infrastructure, population distribution, property values, and other key economic and built environment indicators necessary for CCRA. The IBGE data is only for agricultural production and at a national level, and the World Bank data is too high-level to be directly usable for detailed exposure mapping.",
        "overall_confidence": "High",
        "suggested_action": "reject",
        "action_reasoning": "The extracted data, despite coming from credible sources, is not sufficiently granular or comprehensive to meet the requirements for a robust exposure economy assessment for Brazil. It lacks critical gridded economic data and detailed infrastructure information. A deep dive would not yield more useful information from these specific sources for the current CCRA needs. The current search plan needs to be refined to target more specific and spatially explicit economic exposure data.",
        "refinement_details": "Refine search plan: Focus on finding gridded GDP/GVA data for Brazil, potentially from academic research, national statistical offices (if they offer gridded products), or international organizations specializing in spatial economic data. Also, search for detailed infrastructure datasets (e.g., transportation networks, energy infrastructure, building footprints) from Brazilian government agencies or open-source initiatives. Keywords should include 'Brazil gridded GDP', 'Brazil gridded GVA', 'Brazil infrastructure shapefile', 'Brazil building footprint data'."
    },
    "decision_log": [
        {
            "action": "init",
            "mode": "exposure",
            "which": "economy",
            "country": "Brazil",
            "research_mode": "country",
            "english_only_mode": false
        },
        {
            "agent": "Planner",
            "action": "plan_generated",
            "summary": "CCRA plan for exposure/economy (Brazil) with 14 structured queries.",
            "target_country_locode": "BRA",
            "primary_languages": [
                "en",
                "pt"
            ],
            "parsed_keywords_count": 14,
            "structured_parsing_successful": true
        },
        {
            "agent": "Researcher",
            "action": "research_iteration_completed",
            "queries_processed": [
                "IBGE dados geoespaciais Brasil",
                "Brazil gridded GDP data OR gridded GVA Brazil",
                "INPE uso e cobertura da terra Brasil OR TerraClass PRODES shapefile",
                "OpenStreetMap Brazil infrastructure export OR OSM Brazil buildings data",
                "CIESIN GPW Brazil OR CIESIN GRUMP Brazil",
                "World Bank Brazil spatial data OR World Bank gridded population Brazil",
                "ANEEL rede elétrica Brasil shapefile OR DNIT malha rodoviária Brasil GIS",
                "IBGE Censo Demográfico Brasil dados espaciais OR IBGE população por setor censitário",
                "GHSL Brazil built-up area OR Global Human Settlement Layer Brazil",
                "MAPA dados agrícolas Brasil GIS OR produção agrícola municipal Brasil"
            ],
            "urls_collected": 100,
            "relevant_urls_for_scraping": 35,
            "new_data_items": 2
        },
        {
            "agent": "Reviewer",
            "timestamp": "2025-09-15T22:55:32.580049",
            "action": "raw_review_completed",
            "suggested_action": "proceed_to_extraction",
            "documents_selected_for_extraction_count": 2,
            "summary": "Reviewed 14 documents. The IBGE document on agricultural and livestock production is highly promising as it directly provides economic exposure data for Brazil, with download options for CSV/XLSX and mentions of municipal-level data. The World Bank Maps portal also appears to be a good source for geospatial datasets, although the content snippet is generic. Other documents either have no content or are less directly relevant to structured economic exposure data at a fine-grained spatial resolution.",
            "reasoning": "The IBGE document offers direct access to economic data on agricultural and livestock production, which is crucial for economic exposure assessment. The World Bank Maps portal is a known source for geospatial data and warrants further investigation for relevant datasets. The IBGE document also mentions municipal-level data, which could potentially meet the spatial resolution requirement upon extraction."
        },
        {
            "agent": "Extractor",
            "action": "extraction_complete",
            "documents_processed_in_batch": 35,
            "new_data_items_extracted": 2,
            "total_structured_items": 2
        },
        {
            "agent": "StructuredReviewer",
            "timestamp": "2025-09-15T22:55:41.316370",
            "action": "structured_review_completed",
            "suggested_action": "deep_dive",
            "overall_confidence": "Medium",
            "summary": "The extracted data includes one dataset from IBGE on agricultural production value and another from the World Bank on project data. While both are from credible sources, their direct utility for a comprehensive exposure economy assessment for Brazil is limited. The IBGE data is national-level and specific to agriculture, lacking the granularity and breadth required for a detailed exposure assessment. The World Bank data provides project locations but lacks specific economic exposure indicators like property values, business activity, or gridded GDP/GVA data, which were part of the initial search plan.",
            "reasoning": "While the current extracted data is not sufficient, the initial search plan included queries for 'Brazil gridded GDP data OR gridded GVA Brazil'. The World Bank Maps platform is a promising source for project-level data, and a deeper dive might reveal more granular economic information or links to other datasets. Similarly, IBGE is a primary source for Brazilian statistics, and further exploration of their website might yield more spatially disaggregated economic data beyond just agricultural production. The current results are insufficient to 'accept' but the sources are credible enough to warrant further investigation before 'rejecting' the entire search path.",
            "final_decision_mode": false,
            "consecutive_deep_dive_count": 0
        },
        {
            "agent": "DeepDiveProcessor",
            "action": "crawl",
            "target": "https://geoftp.ibge.gov.br/",
            "justification": "The previous review specifically requested spatially disaggregated GDP/GVA data for Brazil from IBGE, ideally in geospatial formats. The geoftp.ibge.gov.br domain is an FTP server, which is a common place for institutions to host downloadable data, including shapefiles or geodatabases. Crawling this domain will help discover directories or files related to municipal economic data or geospatial datasets.",
            "refinement_details_processed": "1. For IBGE: Conduct a deeper search on the IBGE website for 'Produto Interno Bruto (PIB) municipal' or 'Valor Adicionado Bruto (VAB) por município' to find spatially disaggregated GDP/GVA data for Brazil. Look for geospatial data formats (shapefiles, geodatabases) if available. 2. For World Bank: Explore the World Bank Maps platform and related data portals more thoroughly for downloadable datasets or APIs that provide more detailed economic indicators associated with projects, or broader economic exposure data for Brazil, potentially linking to other World Bank data initiatives. Specifically look for data that can be used to infer economic value or assets at a sub-national level.",
            "actions_this_cycle": 1,
            "current_websites_considered": "data.worldbank.org, geoone.com.br, ces.ibge.gov.br, agupubs.onlinelibrary.wiley.com, agenciagov.ebc.com.br, sedac.ciesin.columbia.edu, agenciadenoticias.ibge.gov.br, geoftp.ibge.gov.br, brasil.mapbiomas.org, data.humdata.org",
            "timestamp": "2025-09-15T22:55:44.146546"
        },
        {
            "agent": "Researcher",
            "action": "research_iteration_completed",
            "queries_processed": [
                "Brazil port infrastructure GIS OR portos brasileiros dados espaciais",
                "Brazil mining operations map OR mineração Brasil dados geográficos",
                "Brazil industrial parks map OR localização fábricas Brasil GIS",
                "Valor de imóveis urbanos Brasil GIS OR cadastro imobiliário municipal Brasil"
            ],
            "urls_collected": 40,
            "relevant_urls_for_scraping": 1,
            "new_data_items": 1
        },
        {
            "agent": "Reviewer",
            "timestamp": "2025-09-15T22:58:21.736808",
            "action": "raw_review_completed",
            "suggested_action": "proceed_to_extraction",
            "documents_selected_for_extraction_count": 2,
            "summary": "Reviewed 14 documents. The IBGE document on agricultural and livestock production is highly promising as it directly provides economic exposure data for Brazil, with download options for CSV/XLSX and mentions of municipal-level data. The World Bank Maps portal also appears to offer geospatial data, though the snippet is generic. Other documents either have no content or are too general to be useful for direct data extraction.",
            "reasoning": "The IBGE document explicitly provides economic data on agricultural and livestock production, which is directly relevant to 'economy' exposure. It also mentions municipal-level data and offers CSV/XLSX downloads, indicating structured data. The World Bank Maps portal is a credible source for geospatial data, which could contain relevant economic exposure layers, although further investigation is needed to confirm its suitability for the specified resolution and format requirements."
        },
        {
            "agent": "Extractor",
            "action": "extraction_complete",
            "documents_processed_in_batch": 35,
            "new_data_items_extracted": 0,
            "total_structured_items": 2
        },
        {
            "agent": "StructuredReviewer",
            "timestamp": "2025-09-15T22:58:25.438605",
            "action": "structured_review_completed",
            "suggested_action": "reject",
            "overall_confidence": "High",
            "summary": "The extracted datasets provide some economic exposure information for Brazil, but they are insufficient for a comprehensive CCRA exposure assessment. The IBGE data offers national-level agricultural production value, which is a relevant economic indicator but lacks spatial granularity and covers only one sector. The World Bank data provides project locations, which could be useful for identifying specific infrastructure, but the description is too general to confirm its utility for detailed exposure mapping or economic valuation. Neither dataset provides the gridded GDP, gridded GVA, or detailed built environment/infrastructure data that would be crucial for a robust exposure assessment at a finer spatial resolution.",
            "reasoning": "The extracted data, despite coming from credible sources, is not sufficiently granular or comprehensive to meet the requirements for a robust exposure economy assessment for Brazil. It lacks critical gridded economic data and detailed infrastructure information. A deep dive would not yield more useful information from these specific sources for the current CCRA needs. The current search plan needs to be refined to target more specific and spatially explicit economic exposure data.",
            "final_decision_mode": true,
            "consecutive_deep_dive_count": 1
        }
    ],
    "search_plan_summary": [
        {
            "query": "IBGE dados geoespaciais Brasil",
            "language": "en",
            "priority": "medium",
            "rank": 1,
            "target_type": "generic",
            "status": "searched"
        },
        {
            "query": "Brazil gridded GDP data OR gridded GVA Brazil",
            "language": "en",
            "priority": "medium",
            "rank": 2,
            "target_type": "generic",
            "status": "searched"
        },
        {
            "query": "INPE uso e cobertura da terra Brasil OR TerraClass PRODES shapefile",
            "language": "en",
            "priority": "medium",
            "rank": 3,
            "target_type": "generic",
            "status": "searched"
        },
        {
            "query": "OpenStreetMap Brazil infrastructure export OR OSM Brazil buildings data",
            "language": "en",
            "priority": "medium",
            "rank": 4,
            "target_type": "generic",
            "status": "searched"
        },
        {
            "query": "CIESIN GPW Brazil OR CIESIN GRUMP Brazil",
            "language": "en",
            "priority": "medium",
            "rank": 5,
            "target_type": "generic",
            "status": "searched"
        },
        {
            "query": "World Bank Brazil spatial data OR World Bank gridded population Brazil",
            "language": "en",
            "priority": "medium",
            "rank": 6,
            "target_type": "generic",
            "status": "searched"
        },
        {
            "query": "ANEEL rede elétrica Brasil shapefile OR DNIT malha rodoviária Brasil GIS",
            "language": "en",
            "priority": "medium",
            "rank": 7,
            "target_type": "generic",
            "status": "searched"
        },
        {
            "query": "IBGE Censo Demográfico Brasil dados espaciais OR IBGE população por setor censitário",
            "language": "en",
            "priority": "medium",
            "rank": 8,
            "target_type": "generic",
            "status": "searched"
        },
        {
            "query": "GHSL Brazil built-up area OR Global Human Settlement Layer Brazil",
            "language": "en",
            "priority": "medium",
            "rank": 9,
            "target_type": "generic",
            "status": "searched"
        },
        {
            "query": "MAPA dados agrícolas Brasil GIS OR produção agrícola municipal Brasil",
            "language": "en",
            "priority": "medium",
            "rank": 10,
            "target_type": "generic",
            "status": "searched"
        },
        {
            "query": "Brazil port infrastructure GIS OR portos brasileiros dados espaciais",
            "language": "en",
            "priority": "medium",
            "rank": 11,
            "target_type": "generic",
            "status": "searched"
        },
        {
            "query": "Brazil mining operations map OR mineração Brasil dados geográficos",
            "language": "en",
            "priority": "medium",
            "rank": 12,
            "target_type": "generic",
            "status": "searched"
        },
        {
            "query": "Brazil industrial parks map OR localização fábricas Brasil GIS",
            "language": "en",
            "priority": "medium",
            "rank": 13,
            "target_type": "generic",
            "status": "searched"
        },
        {
            "query": "Valor de imóveis urbanos Brasil GIS OR cadastro imobiliário municipal Brasil",
            "language": "en",
            "priority": "medium",
            "rank": 14,
            "target_type": "generic",
            "status": "searched"
        }
    ]
}