{
    "research_mode": "country",
    "target_country": "Brazil",
    "target_country_locode": "BRA",
    "target_mode": "exposure",
    "target_which": "buildings",
    "target_city": null,
    "start_time": "2025-09-15T19:29:06.110799",
    "end_time": "2025-09-15T19:39:31.600377",
    "total_iterations": 1,
    "final_structured_review_action": "accept",
    "final_confidence": null,
    "structured_data_items_count": 29,
    "structured_data": [
        {
            "name": "Assessing Completeness of OpenStreetMap Building Footprints Using MapSwipe",
            "method_of_access": "The document is an academic article, likely accessible via the provided URL. Data mentioned within the article would need to be extracted or requested from the authors.",
            "ccra_mode": "exposure",
            "ccra_type": "buildings",
            "data_format": "The article discusses OpenStreetMap data, which is typically vector data (points, lines, polygons).",
            "description": "This article, published in the journal 'IJGI', focuses on assessing the completeness of OpenStreetMap building footprints using MapSwipe. It is authored by T. Ullah, S. Lautenbach, B. Herfort, M. Reinmuth, and D. Schorlemmer.",
            "url": "https://www.mdpi.com/2220-9964/12/4/143",
            "country": "Brazil",
            "country_locode": "BRA"
        },
        {
            "name": "Global Google-Microsoft Open Buildings Dataset",
            "method_of_access": "Accessible in cloud-native geospatial formats such as GeoParquet, FlatGeobuf, and PMTiles. Earth Engine FeatureCollection via Google Earth Engine snippet.",
            "ccra_mode": "exposure",
            "ccra_type": "buildings",
            "sector": "Stationary Energy",
            "subsector": "Residential Buildings",
            "granularity": "Country level (92% of Level 0 administrative boundaries)",
            "data_format": "GeoParquet, FlatGeobuf, PMTiles, Earth Engine FeatureCollection",
            "description": "This dataset consolidates Google's V3 Open Buildings and Microsoft's most recent Building Footprints, comprising over 2.5 billion footprints. As of September 2023, it stands out as the most comprehensive openly accessible dataset, encompassing 92% of Level 0 administrative boundaries. Each footprint is explicitly labeled with its origin (Google or Microsoft). Provided by VIDA, Google, and Microsoft.",
            "spatial_resolution": "Individual building polygons",
            "temporal_coverage": "As of September 2023",
            "url": "https://gee-community-catalog.org/projects/global_buildings/",
            "country": "Brazil",
            "country_locode": "BRA"
        },
        {
            "name": "GHSL: Global built-up surface 1975-2030 (P2023A)",
            "method_of_access": "Earth Engine Snippet (API access)",
            "ccra_mode": "exposure",
            "ccra_type": "buildings",
            "granularity": "Global",
            "data_format": "raster (GeoTIFF implied by pixel size and Earth Engine context)",
            "description": "This raster dataset, provided by EC JRC, depicts the distribution of built-up surfaces, expressed in square metres per 100 m grid cell. It measures total built-up surface and non-residential built-up surface. Data are spatially-temporally interpolated or extrapolated from 1975 to 2030 in 5-year intervals.",
            "spatial_resolution": "100 meters",
            "temporal_coverage": "1975-2030 (in 5-year intervals)",
            "url": "https://developers.google.com/earth-engine/datasets/catalog/JRC_GHSL_P2023A_GHS_BUILT_S",
            "country": "Brazil",
            "country_locode": "BRA"
        },
        {
            "name": "Sistema de Consulta do Mapa Digital da Cidade de São Paulo",
            "method_of_access": "Web interface query",
            "ccra_mode": "exposure",
            "ccra_type": "buildings",
            "sector": "Stationary Energy",
            "subsector": "Residential Buildings",
            "granularity": "Municipal",
            "description": "A digital map consultation system for the city of São Paulo, Brazil, likely containing information relevant to urban infrastructure and buildings.",
            "spatial_resolution": "Municipal (City of São Paulo)",
            "url": "https://geosampa.prefeitura.sp.gov.br/",
            "country": "Brazil",
            "country_locode": "BRA"
        },
        {
            "name": "Open Buildings data",
            "method_of_access": "Downloadable CSV file generated via Google Colab notebook, potentially from Google Cloud Storage (gs://open-buildings-data/v3/)",
            "ccra_mode": "exposure",
            "ccra_type": "buildings",
            "granularity": "Country-level (Brazil) or custom WKT polygon",
            "data_format": "CSV.gz (compressed CSV)",
            "description": "A dataset of building polygons or points from Open Buildings v3, generated by Google LLC. The data can be filtered by country (e.g., Brazil) or a custom WKT polygon. The process involves preparing a compressed CSV file from the Open Buildings data.",
            "spatial_resolution": "Individual building polygons or points, filtered by country or custom polygon.",
            "url": "https://colab.research.google.com/github/google-research/google-research/blob/master/building_detection/open_buildings_download_region_polygons.ipynb",
            "country": "Brazil",
            "country_locode": "BRA"
        },
        {
            "name": "PNAD Contínua: Características Gerais dos Domicílios e Moradores 2024",
            "method_of_access": "Downloadable publication from the IBGE virtual store",
            "ccra_mode": "exposure",
            "ccra_type": "buildings",
            "sector": "Stationary Energy",
            "subsector": "Residential Buildings",
            "granularity": "National",
            "data_format": "Publication (likely PDF or similar document format)",
            "description": "A publication from IBGE (Brazilian Institute of Geography and Statistics) detailing general characteristics of households and residents for the year 2024, likely containing data relevant to building exposure.",
            "spatial_resolution": "National",
            "temporal_coverage": "2024",
            "url": "https://loja.ibge.gov.br/",
            "country": "Brazil",
            "country_locode": "BRA"
        },
        {
            "name": "GlobalMLBuildingFootprints",
            "method_of_access": "Downloadable files (dataset-links.csv contains links to data)",
            "ccra_mode": "exposure",
            "ccra_type": "buildings",
            "sector": "Stationary Energy",
            "subsector": "Residential Buildings",
            "granularity": "Global, with specific updates for countries like Brazil",
            "data_format": "CSV (for links), implied vector data (building footprints)",
            "description": "Worldwide building footprints derived from satellite imagery by Bing Maps/Microsoft. The dataset includes 1.4 billion buildings detected between 2014 and 2024, with ongoing updates. The data is freely available for download and use under ODbL. Recent updates include 2 million building footprint edits for Brazil as of January 2025.",
            "spatial_resolution": "Individual building polygons",
            "temporal_coverage": "2014-2024 (imagery used), with updates up to February 2025",
            "url": "https://github.com/microsoft/GlobalMLBuildingFootprints",
            "country": "Brazil",
            "country_locode": "BRA"
        },
        {
            "name": "Multi-Temporal Built-Up Grids of Brazilian Cities: How Trends and Dynamic Modelling Could Help on Resilience Challenges?",
            "method_of_access": "Web interface query, potentially downloadable article content (PDF, HTML)",
            "ccra_mode": "exposure",
            "ccra_type": "buildings",
            "granularity": "Brazilian Cities",
            "description": "This article discusses multi-temporal built-up grids of Brazilian cities, analyzing trends and dynamic modeling for resilience challenges. It is published in the journal 'Sustainability' by MDPI.",
            "url": "https://www.mdpi.com/2071-1050/13/2/748",
            "country": "Brazil",
            "country_locode": "BRA"
        },
        {
            "name": "Three Decades of Global Land Cover Change (ESA CCI land cover maps)",
            "method_of_access": "Available in ArcGIS Living Atlas of the World; analytical raster data accessible via ArcGIS Online and ArcGIS Pro.",
            "ccra_mode": "exposure",
            "ccra_type": "buildings",
            "sector": "AFOLU",
            "subsector": "Land",
            "granularity": "Global, with specific mention of Brazilian Amazon",
            "data_format": "Analytical raster",
            "description": "A time series of 300-meter per pixel resolution land cover maps from the European Space Agency (ESA CCI) covering 1992-2018. It details changes such as deforestation, urbanization, desertification, and conservation, with specific examples of forest land conversion to agriculture in the Brazilian Amazon. Each year is an analytical raster, allowing for discovery of changes over time.",
            "spatial_resolution": "300-meter per pixel",
            "temporal_coverage": "1992-2018 (annual snapshots)",
            "url": "https://www.esri.com/arcgis-blog/products/arcgis-living-atlas/mapping/three-decades-of-global-land-cover-change",
            "country": "Brazil",
            "country_locode": "BRA"
        },
        {
            "method_of_access": "web interface query",
            "description": "The document source URL points to a general government portal for the state of Paraná, Brazil. The provided content is an empty body tag, indicating no specific dataset information is available on this page. Therefore, no specific CCRA dataset can be extracted from the given content.",
            "url": "https://paranainterativo.pr.gov.br/",
            "country": "Brazil",
            "country_locode": "BRA",
            "ccra_mode": "exposure",
            "ccra_type": "buildings"
        },
        {
            "name": "Dados dos Setores Censitários do IBGE",
            "method_of_access": "Downloadable files (Shapefile, XLS, CSV, PDF) from IBGE website",
            "ccra_mode": "exposure",
            "ccra_type": "buildings",
            "granularity": "Censitary sectors (Setores Censitários) within municipalities and states (e.g., Recife, Pernambuco)",
            "data_format": "Shapefile, XLS, CSV, PDF",
            "description": "This dataset provides geo-spatial (Shapefile) and statistical (XLS, CSV) data from the Brazilian Institute of Geography and Statistics (IBGE) for Censitary Sectors. It includes information on inhabitants, households, income, water supply, etc., from the 2010 Census. A PDF documentation explains the methodology and variables.",
            "spatial_resolution": "Censitary sectors (detailed geographic units)",
            "temporal_coverage": "2010 (Censo 2010)",
            "url": "https://geoone.com.br/dados-setores-censitarios-ibge/",
            "country": "Brazil",
            "country_locode": "BRA"
        },
        {
            "name": "Censo Demográfico 2022: Malha de Setores Censitários, Agregados por Setores Censitários: Resultados do Universo e Trajetos dos Recenseadores",
            "method_of_access": "Web interface query via IBGE Digital, portal do IBGE, SIDRA, Panorama do Censo, and Plataforma Geográfica Interativa (PGI).",
            "ccra_mode": "exposure",
            "ccra_type": "buildings",
            "sector": "Stationary Energy",
            "subsector": "Residential Buildings",
            "granularity": "Setores Censitários (Census Tracts), Distritos, Subdistritos, Bairros (Districts, Subdistricts, Neighborhoods)",
            "data_format": "Not explicitly stated, but implied to be accessible via interactive maps and data platforms.",
            "description": "The IBGE (Brazilian Institute of Geography and Statistics) is releasing results from the 2022 Census, specifically the 'Malha de Setores Censitários' (Census Tract Mesh), 'Agregados por Setores Censitários' (Aggregates by Census Tracts) which include data on households (domicílios) such as water supply, waste disposal, and sewage systems, and 'Trajetos dos Recenseadores' (Enumerator Routes). The data will cover the urban or rural situation of households and political-administrative divisions. The data is provided by IBGE.",
            "spatial_resolution": "Census Tracts, Districts, Subdistricts, Neighborhoods",
            "temporal_coverage": "2022",
            "url": "https://agenciadenoticias.ibge.gov.br/agencia-noticias/2012-agencia-de-noticias/noticias/41865-censo-2022-ibge-divulga-dados-sobre-a-malha-de-setores-censitarios-na-casa-brasil-ibge",
            "country": "Brazil",
            "country_locode": "BRA"
        },
        {
            "name": "População e domicílio por setor censitário - SEADE CENSO 2022",
            "method_of_access": "Web interface query (Microsoft Power BI dashboard)",
            "ccra_mode": "exposure",
            "ccra_type": "buildings",
            "sector": "Stationary Energy",
            "subsector": "Residential Buildings",
            "granularity": "Setor censitário (census tract), Município (municipality), Distrito (district)",
            "data_format": "Interactive dashboard (Power BI)",
            "description": "The SEADE CENSO 2022 provides demographic and household data for the State of São Paulo from the IBGE Demographic Census. Information is accessible via dynamic dashboards, analyses, and data files in the repository. The data includes population and domicile by census tract, municipality, and district, sourced from IBGE, Censo demográfico, 2022; Fundação Seade.",
            "spatial_resolution": "Census tract level for the State of São Paulo, Brazil",
            "temporal_coverage": "2022",
            "url": "https://censo2022.seade.gov.br/populacao-e-domicilio-por-setor-censitario/",
            "country": "Brazil",
            "country_locode": "BRA"
        },
        {
            "name": "SINAPI - Sistema Nacional de Pesquisa de Custos e Índices da Construção Civil",
            "method_of_access": "Web interface query with export options (csv, tsv, xls, xlsx, json, ods), Digital Publication (online), Banco de Dados Agregados - SIDRA",
            "ccra_mode": "exposure",
            "ccra_type": "buildings",
            "sector": "Stationary Energy",
            "subsector": "Manufacturing Industries and Construction",
            "granularity": "National, Grandes Regiões, Unidades da Federação, Região Metropolitana",
            "data_format": "csv, tsv, xls, xlsx, json, ods, tables",
            "description": "The SINAPI (Sistema Nacional de Pesquisa de Custos e Índices da Construção Civil) dataset, provided by IBGE, produces monthly series of construction costs and cost indices at various technical and spatial aggregation levels. It aims to support investment planning, budget execution, and analysis. The data includes average cost per square meter in current currency and percentage variations over different periods. It covers 37 projects (33 residential, 4 commercial) with different finishing standards (high, normal, low, minimum). The data is collected through CAPI interviews from commercial and industrial establishments and construction companies, focusing on prices of materials and wages. The data is disseminated monthly.",
            "spatial_resolution": "Unidades da Federação (for median prices), National, Grandes Regiões, Unidades da Federação (for construction costs and indices), Região Metropolitana (for disaggregation)",
            "temporal_coverage": "Monthly (e.g., August 2025 results, with collection from 01/08/2025 to 14/08/2025). Historical data available.",
            "url": "https://www.ibge.gov.br/estatisticas/economicas/precos-e-custos/9270-sistema-nacional-de-pesquisa-de-custos-e-indices-da-construcao-civil.html",
            "country": "Brazil",
            "country_locode": "BRA"
        },
        {
            "name": "DATA.RIO - Portal de dados abertos da Prefeitura da Cidade do Rio de Janeiro",
            "method_of_access": "Web interface query, likely downloadable files via links associated with categories",
            "ccra_mode": "exposure",
            "ccra_type": "buildings",
            "granularity": "municipal",
            "description": "The DATA.RIO portal provides various information about the City of Rio de Janeiro, Brazil, using advanced technology for agile and interactive access. It categorizes data into themes such as Territory and Environment, Land Use, Population, Economy, Education, Health, Culture, Tourism, Sport and Leisure, Infrastructure and Sanitation, Transport, Social Assistance, Housing and Urbanism, Public Safety, Public Administration, and Collection. While specific building data is not explicitly detailed, the 'Housing and Urbanism' category strongly implies its presence.",
            "spatial_resolution": "Municipal (City of Rio de Janeiro)",
            "url": "https://www.data.rio/",
            "country": "Brazil",
            "country_locode": "BRA"
        },
        {
            "name": "Statistics about Construction in Brazil",
            "method_of_access": "Web interface query, downloadable statistics (implied by Statista platform)",
            "ccra_mode": "exposure",
            "ccra_type": "buildings",
            "sector": "Manufacturing Industries and Construction",
            "granularity": "National",
            "data_format": "Statistical tables, forecasts (implied by Statista platform)",
            "description": "This Statista page provides a collection of statistics related to the construction sector in Brazil. It includes data on infrastructure investment, new jobs, construction materials sales, building construction industry revenue, construction sector's GDP, construction material costs, and various forecasts for construction activities and related manufacturing revenues. The data covers various time periods, generally ranging from 2007 to 2025.",
            "spatial_resolution": "National (Brazil), some statistics by market or segment",
            "temporal_coverage": "Varies by statistic, generally between 2007 and 2025 (historical and forecast)",
            "url": "https://www.statista.com/map/central-and-south-america/brazil/construction",
            "country": "Brazil",
            "country_locode": "BRA"
        },
        {
            "name": "Malha Municipal Digital 2022, Atualização dos Mapas Municipais e Áreas Territoriais de Estados e Municípios",
            "method_of_access": "Downloadable files (Malha Municipal Digital, Mapas Municipais, Áreas Territoriais) via IBGE website links provided in the article; also a technical document in IBGE Library.",
            "ccra_mode": "exposure",
            "ccra_type": "buildings",
            "granularity": "Municipal, State, National",
            "data_format": "Digital files (implied vector/raster for maps, tables for areas)",
            "description": "The IBGE (Brazilian Institute of Geography and Statistics) updates three annual Geosciences studies: Digital Municipal Mesh 2022, Municipal Maps Update, and Territorial Areas of States and Municipalities. This dataset provides updated geographical data for Brazilian states and municipalities, including municipal boundaries and territorial areas, based on new legislation, judicial decisions, and technical reports. The updates reflect changes in 174 municipalities between May 2021 and July 2022, and an updated total territorial area for Brazil for 2022. The data is provided by IBGE.",
            "spatial_resolution": "Municipal, State, National (Brazil)",
            "temporal_coverage": "2022 (updates for 2021-2022 period)",
            "url": "https://agenciadenoticias.ibge.gov.br/agencia-noticias/2012-agencia-de-noticias/noticias/36532-ibge-atualiza-dados-geograficos-de-estados-e-municipios-brasileiros",
            "country": "Brazil",
            "country_locode": "BRA"
        },
        {
            "name": "Limite dos Setores Censitários 2010",
            "method_of_access": "Downloadable files (Shapefile, PDF)",
            "ccra_mode": "exposure",
            "ccra_type": "buildings",
            "sector": "Stationary Energy",
            "subsector": "Residential Buildings",
            "granularity": "Census sectors (rural and urban)",
            "data_format": "Shapefile, PDF",
            "description": "This dataset provides the boundaries of census sectors for Brazil from the 2010 Demographic Census, created by IBGE. It includes approximately 314,018 census sectors covering about 58 million households. The data was published in 2011, with census data fields incorporated in April 2017. The update frequency is 'as needed'.",
            "spatial_resolution": "Varies by area: 1:50000 to 1:250000 for rural sectors, 1:5000 to 1:10000 for urban sectors in district-seats of municipalities with over 25,000 inhabitants.",
            "temporal_coverage": "2010 (census data), 2011 (publication), 2017 (data incorporation)",
            "url": "https://metadados.snirh.gov.br/geonetwork/srv/api/records/cdb721a0-2d5d-45eb-9764-b831eb0b576e",
            "country": "Brazil",
            "country_locode": "BRA"
        },
        {
            "name": "Mapeamento e caracterização dos Núcleos Urbanos Informais (PNUI)",
            "method_of_access": "Downloadable files (shapefile, geopackage, excel, csv)",
            "ccra_mode": "exposure",
            "ccra_type": "buildings",
            "granularity": "Municipal (Belo Horizonte, Brasília, Juazeiro do Norte, Marabá, Porto Alegre, Recife)",
            "data_format": "shapefile, geopackage, excel, csv, PDF",
            "description": "This dataset provides mapping and characterization of Informal Urban Nuclei (NUI) for several Brazilian cities, developed by IPEA. The methodology involved consultations with municipal agents, remote verification using satellite imagery, secondary data, and field visits. It is explicitly stated that this database is not valid as a municipal registry. Supplementary files include a data dictionary, field sheet, and tutorial.",
            "url": "https://pnui.ipea.gov.br/dados.html",
            "country": "Brazil",
            "country_locode": "BRA"
        },
        {
            "name": "GeoPelotas - Portal de Informações Geográficas da Prefeitura de Pelotas",
            "method_of_access": "Web interface query, interactive maps",
            "ccra_mode": "exposure",
            "ccra_type": "buildings",
            "granularity": "municipal",
            "data_format": "GeoTIFF (implied for ortofotos), vector (implied for polygons)",
            "description": "The GeoPelotas portal provides geographic information for the municipality of Pelotas, Brazil. It includes historical mapping efforts, such as the digital conversion of cadastral maps, representation of urban lots, and, notably, the representation of 159,000 building polygons between 2016 and 2019. The data is maintained by the Secretaria de Gestão da Cidade e Mobilidade Urbana (SGCMU) and updated periodically, with the base of lots updated to December 2021. It also features various maps including a basic urban map with administrative regions, blocks, lots, and green areas, and an urban map with 2015 orthophotos.",
            "spatial_resolution": "10 cm (for orthophotos), individual building polygons",
            "temporal_coverage": "Building polygons: 2016-2019; Orthophotos: 2015; Lot base: updated to December 2021; Historical mapping from 1995 onwards.",
            "url": "https://geopelotas-pmpel.hub.arcgis.com/",
            "country": "Brazil",
            "country_locode": "BRA"
        },
        {
            "name": "Zoneamento",
            "method_of_access": "Web interface query, downloadable files (Arquivos)",
            "ccra_mode": "exposure",
            "ccra_type": "buildings",
            "sector": "Stationary Energy",
            "subsector": "Residential Buildings",
            "granularity": "Municipal (São Paulo)",
            "description": "Information related to the zoning regulations of São Paulo, including the law text (Lei 16.402/16), explanations, and participatory processes. It also mentions 'Arquivos' which could contain downloadable data.",
            "spatial_resolution": "Municipal",
            "url": "https://gestaourbana.prefeitura.sp.gov.br/noticias/geosampa-consulte-o-zoneamento-no-mapa/",
            "country": "Brazil",
            "country_locode": "BRA"
        },
        {
            "name": "Módulo Urbano",
            "method_of_access": "Downloadable files via web link",
            "ccra_mode": "exposure",
            "ccra_type": "buildings",
            "sector": "Stationary Energy",
            "subsector": "Residential Buildings",
            "granularity": "National",
            "description": "Annual mapping of land cover and land use for urbanized areas in Brazil, provided by MapBiomas.",
            "temporal_coverage": "Annual",
            "url": "https://brasil.mapbiomas.org/downloads/",
            "country": "Brazil",
            "country_locode": "BRA"
        },
        {
            "name": "Combining Remote-Sensing-Derived Data and Historical Maps for Long-Term Back-Casting of Urban Extents",
            "method_of_access": "Downloadable PDF, View on publisher site",
            "ccra_mode": "exposure",
            "ccra_type": "buildings",
            "granularity": "urban areas",
            "data_format": "PDF",
            "description": "This paper proposes a framework using remote-sensing-derived human settlement data (Global Human Settlement Layer, GHSL) and scanned, georeferenced historical maps to automatically generate historical urban extents for the early 20th century. The method is applied to study areas across four continents and evaluated against historical building density estimates from HISDAC-US and urban area estimates from HYDE.",
            "temporal_coverage": "early 20th century",
            "url": "https://pmc.ncbi.nlm.nih.gov/articles/PMC8691741/",
            "country": "Brazil",
            "country_locode": "BRA"
        },
        {
            "name": "Divisão Territorial Brasileira (DTB) - Atualização 2024",
            "method_of_access": "Downloadable tables via IBGE portal",
            "ccra_mode": "exposure",
            "ccra_type": "buildings",
            "sector": "Stationary Energy",
            "subsector": "Residential Buildings",
            "granularity": "Municipal, District, Sub-district",
            "data_format": "tables",
            "description": "The IBGE (Brazilian Institute of Geography and Statistics) released the 2024 update of the Territorial Structures of Brazil, including the Divisão Territorial Brasileira (DTB). This update details the territorial structure of the country, enumerating municipalities, districts, and sub-districts. It includes the addition of Boa Esperança do Norte (MT) as a new municipality, bringing the total to 5,569 municipalities. The dataset also identifies 10,740 districts and 645 sub-districts, with updates on new and excluded districts in various states. The data is updated annually based on cartographic updates, new legislation, judicial decisions, and technical reports from state bodies.",
            "spatial_resolution": "Municipal, District, Sub-district level for Brazil",
            "temporal_coverage": "2024 (with updates from 2023-2024)",
            "url": "https://agenciadenoticias.ibge.gov.br/agencia-noticias/2012-agencia-de-noticias/noticias/43213-ibge-atualiza-estruturas-territoriais-do-pais",
            "country": "Brazil",
            "country_locode": "BRA"
        },
        {
            "name": "Overture 2023-10-19-alpha.0 Buildings Theme",
            "method_of_access": "Downloadable Parquet files from AWS and Azure, following instructions on Github",
            "ccra_mode": "exposure",
            "ccra_type": "buildings",
            "granularity": "Municipal (Rio De Janeiro)",
            "data_format": "Parquet",
            "description": "The Overture 2023-10-19-alpha.0 Buildings Theme dataset includes 1.39B conflated building footprints from OSM, Esri Community Maps, and Microsoft ML Building Footprints. It features stable identifiers (GERS IDs) for 1.6M buildings in 8 cities, including Rio De Janeiro, Brazil, for demonstration purposes. The data is licensed under ODbL.",
            "spatial_resolution": "Individual building polygons",
            "temporal_coverage": "October 2023 (release date)",
            "url": "https://overturemaps.org/download/overture-october-2023-release-notes/",
            "country": "Brazil",
            "country_locode": "BRA"
        },
        {
            "name": "Características Urbanísticas do Entorno dos Domicílios",
            "method_of_access": "Web application (Gráficos e cartogramas por municípios e unidades da federação), downloadable publication (PDF)",
            "ccra_mode": "exposure",
            "ccra_type": "buildings",
            "sector": "Stationary Energy",
            "subsector": "Residential Buildings",
            "granularity": "Municipal, state (unidades da federação)",
            "data_format": "Web application, PDF",
            "description": "This dataset from the IBGE Censo 2010 provides information on the urban characteristics of the surroundings of households. It includes graphical and cartographic representations by municipalities and federal units, and a publication.",
            "spatial_resolution": "Municipal, state",
            "temporal_coverage": "2010",
            "url": "https://censo2010.ibge.gov.br/resultados",
            "country": "Brazil",
            "country_locode": "BRA"
        },
        {
            "name": "Malha de Setores Censitários",
            "method_of_access": "Downloadable geospatial files (shp, gpkg)",
            "ccra_mode": "exposure",
            "ccra_type": "buildings",
            "sector": "Residential Buildings",
            "granularity": "Censitary Sectors (Setores Censitários) which are intra-municipal divisions, covering all 5,568 Brazilian municipalities, the Federal District, and Fernando de Noronha.",
            "data_format": "shp, gpkg",
            "description": "The Malha de Setores Censitários (Censitary Sectors Mesh) compiles digital censitary sectors used as reference for IBGE's Censuses and household surveys. It provides territorial units for data collection and dissemination, reflecting the political-administrative division of Brazil as of July 31, 2022. The dataset includes information on urban/rural classification, urban nuclei, favelas, urban communities, rural agglomerations, indigenous and quilombola groupings, and areas of effectively domiciled portions. It is produced annually by IBGE.",
            "spatial_resolution": "Intra-municipal (Censitary Sectors)",
            "temporal_coverage": "Annual, with the latest version reflecting July 31, 2022",
            "url": "https://www.ibge.gov.br/geociencias/organizacao-do-territorio/estrutura-territorial/26565-malhas-de-setores-censitarios-divisoes-intramunicipais.html",
            "country": "Brazil",
            "country_locode": "BRA"
        },
        {
            "name": "OpenStreetMap (OSM) data, including infrastructure and estimated disaster impacts",
            "method_of_access": "Web interface query (implied through OpenStreetMap integration)",
            "ccra_mode": "exposure",
            "ccra_type": "buildings",
            "sector": "Stationary Energy",
            "subsector": "Residential Buildings",
            "granularity": "Not specified, but implied to be detailed enough for infrastructure and disaster impacts",
            "data_format": "Not specified, but typically vector data for OSM",
            "description": "OpenStreetMap (OSM) data, integrated into collaborative efforts by humanitarian, development, and community organizations, to provide real-world data including infrastructure and estimated disaster impacts for well-informed, context-specific decisions in disaster preparedness, response, and recovery. Provider is OpenStreetMap.",
            "spatial_resolution": "Not specified, but OSM data is typically highly granular, down to individual building level.",
            "temporal_coverage": "Not specified, but OSM is continuously updated.",
            "url": "https://www.hotosm.org/impact-areas/disaster-risk-reduction/",
            "country": "Brazil",
            "country_locode": "BRA"
        },
        {
            "name": "Spatiotemporal Land Use and Land Cover Changes and Associated Runoff Impact in Itaperuna, Brazil",
            "method_of_access": "The article is accessible online via the provided URL. Data within the article would be accessed by reading the publication.",
            "ccra_mode": "exposure",
            "ccra_type": "buildings",
            "granularity": "municipal",
            "description": "This article discusses spatiotemporal land use and land cover changes and their associated runoff impact in Itaperuna, Brazil. While the article itself is not a dataset, it implies the existence of underlying data related to land use, land cover, and hydrological impacts within the municipality of Itaperuna.",
            "spatial_resolution": "Itaperuna, Brazil",
            "url": "https://www.mdpi.com/2071-1050/16/1/325",
            "country": "Brazil",
            "country_locode": "BRA"
        }
    ],
    "raw_review_action": "proceed_to_extraction",
    "last_raw_review_details": {
        "overall_assessment": "The batch contains highly promising documents for 'buildings' exposure data. Specifically, the Google-Microsoft Open Buildings Dataset and the JRC GHSL built-up surface dataset, both accessible via Google Earth Engine, are excellent candidates. The Microsoft GlobalMLBuildingFootprints GitHub repository also points to a significant dataset. Other documents are less relevant or provide only general information.",
        "documents_to_extract": [
            "https://gee-community-catalog.org/projects/global_buildings/",
            "https://developers.google.com/earth-engine/datasets/catalog/JRC_GHSL_P2023A_GHS_BUILT_S",
            "https://github.com/microsoft/GlobalMLBuildingFootprints",
            "https://developers.google.com/earth-engine/datasets/catalog/GOOGLE_Research_open-buildings_v3_polygons"
        ],
        "suggested_next_action": "proceed_to_extraction",
        "action_reasoning": "Multiple documents directly reference or link to large-scale, high-resolution geospatial datasets of building footprints and built-up areas, which are directly relevant to 'buildings' exposure data. These datasets are available in cloud-native geospatial formats and are suitable for detailed CCRA. The IBGE-related links are also promising for Brazil-specific building/settlement data, but the Google/Microsoft/JRC datasets are global and more immediately actionable."
    },
    "last_structured_review_details": {
        "overall_assessment_notes": "The extracted data provides a strong foundation for a buildings exposure assessment in Brazil. Several datasets offer granular building footprints (Google-Microsoft Open Buildings, GlobalMLBuildingFootprints, Overture Buildings Theme, GeoPelotas), which are crucial for detailed spatial analysis. IBGE census data (PNAD Contínua, Censo Demográfico 2022, Limite dos Setores Censitários 2010, Malha de Setores Censitários) provides essential demographic and socioeconomic indicators at various administrative levels, including household characteristics. Local government portals (GeoSampa, DATA.RIO, GeoPelotas) offer city-specific infrastructure and urban planning data. While some entries are academic articles or general statistics, the core building footprint and census datasets are highly relevant and credible. The GHSL dataset offers a broader historical and future perspective on built-up surfaces, complementing the more detailed footprint data. SINAPI provides construction cost data, which is valuable for replacement cost estimations.",
        "relevance_score": "High",
        "relevance_reasoning": "The datasets collectively cover multiple key exposure indicator categories for buildings, including detailed building footprints, built-up areas, population density, household characteristics, and some socioeconomic indicators. The geographic scope is specifically Brazil, with several datasets providing national coverage and others focusing on major cities like São Paulo, Rio de Janeiro, and Pelotas. The temporal coverage is generally recent or includes historical data, suitable for risk assessment.",
        "credibility_score": "High",
        "credibility_reasoning": "The primary sources are highly credible, including official government agencies (IBGE, Prefeitura de São Paulo, Prefeitura de Pelotas, IPEA), major tech companies (Google, Microsoft, Overture Maps Foundation), and reputable academic publishers (MDPI). Statista is a well-known aggregator of statistics. These sources are widely recognized for their authoritative data collection and dissemination.",
        "completeness_score": "High",
        "completeness_reasoning": "The combination of datasets offers a comprehensive view of building exposure in Brazil. We have: \n- **Building Footprints:** Global Google-Microsoft Open Buildings, GlobalMLBuildingFootprints, Open Buildings data, Overture Buildings Theme, GeoPelotas. These provide individual building polygons.\n- **Built-up Areas/Urban Extent:** GHSL, Módulo Urbano (MapBiomas), Multi-Temporal Built-Up Grids of Brazilian Cities.\n- **Demographic & Household Data:** PNAD Contínua, Censo Demográfico 2022, Dados dos Setores Censitários do IBGE, População e domicílio por setor censitário - SEADE CENSO 2022, Características Urbanísticas do Entorno dos Domicílios, Malha de Setores Censitários. These provide population, household size, and characteristics at granular levels.\n- **Socioeconomic Vulnerability:** PNAD Contínua, Censo Demográfico 2022, Mapeamento e caracterização dos Núcleos Urbanos Informais (PNUI) for informal settlements.\n- **Property Values/Replacement Costs:** SINAPI provides construction costs.\n- **Geographic/Administrative Boundaries:** Malha Municipal Digital 2022, Divisão Territorial Brasileira (DTB), Limite dos Setores Censitários 2010. \n\nWhile specific critical infrastructure locations (hospitals, schools) are not explicitly listed as separate datasets, the detailed building footprints and census data provide a strong basis for inferring or integrating such information. The coverage of key exposure indicators is robust.",
        "overall_confidence": "High",
        "suggested_action": "accept",
        "action_reasoning": "The extracted structured data provides a rich and diverse set of highly relevant and credible datasets for assessing building exposure in Brazil. The combination of detailed building footprints, comprehensive census data, and construction cost information, along with urban planning and land use data, meets the requirements for a robust CCRA. The spatial and temporal coverage is appropriate, and the data formats are suitable for quantitative analysis. No further deep dive is immediately necessary for these specific entries, as they are ready for integration into the assessment.",
        "refinement_details": null
    },
    "decision_log": [
        {
            "action": "init",
            "mode": "exposure",
            "which": "buildings",
            "country": "Brazil",
            "research_mode": "country",
            "english_only_mode": false
        },
        {
            "agent": "Planner",
            "action": "plan_generated",
            "summary": "CCRA plan for exposure/buildings (Brazil) with 14 structured queries.",
            "target_country_locode": "BRA",
            "primary_languages": [
                "en",
                "pt"
            ],
            "parsed_keywords_count": 14,
            "structured_parsing_successful": true
        },
        {
            "agent": "Researcher",
            "action": "research_iteration_completed",
            "queries_processed": [
                "IBGE dados geográficos edificações Brasil",
                "OpenStreetMap Brazil building footprints",
                "Google Open Buildings Brazil",
                "GHSL built-up area Brazil",
                "IBGE Censo Demográfico setor censitário Brasil",
                "WorldPop Brazil population density buildings",
                "Brazil urban land use land cover GIS",
                "Dados cadastrais urbanos Brasil Shapefile",
                "Brazil building construction material map",
                "Secretaria Municipal de Urbanismo [Nome da Cidade] dados GIS"
            ],
            "urls_collected": 100,
            "relevant_urls_for_scraping": 60,
            "new_data_items": 29
        },
        {
            "agent": "Reviewer",
            "timestamp": "2025-09-15T19:38:21.221353",
            "action": "raw_review_completed",
            "suggested_action": "proceed_to_extraction",
            "documents_selected_for_extraction_count": 4,
            "summary": "The batch contains highly promising documents for 'buildings' exposure data. Specifically, the Google-Microsoft Open Buildings Dataset and the JRC GHSL built-up surface dataset, both accessible via Google Earth Engine, are excellent candidates. The Microsoft GlobalMLBuildingFootprints GitHub repository also points to a significant dataset. Other documents are less relevant or provide only general information.",
            "reasoning": "Multiple documents directly reference or link to large-scale, high-resolution geospatial datasets of building footprints and built-up areas, which are directly relevant to 'buildings' exposure data. These datasets are available in cloud-native geospatial formats and are suitable for detailed CCRA. The IBGE-related links are also promising for Brazil-specific building/settlement data, but the Google/Microsoft/JRC datasets are global and more immediately actionable."
        },
        {
            "agent": "Extractor",
            "action": "extraction_complete",
            "documents_processed_in_batch": 60,
            "new_data_items_extracted": 29,
            "total_structured_items": 29
        },
        {
            "agent": "StructuredReviewer",
            "timestamp": "2025-09-15T19:39:31.570865",
            "action": "structured_review_completed",
            "suggested_action": "accept",
            "overall_confidence": "High",
            "summary": "The extracted data provides a strong foundation for a buildings exposure assessment in Brazil. Several datasets offer granular building footprints (Google-Microsoft Open Buildings, GlobalMLBuildingFootprints, Overture Buildings Theme, GeoPelotas), which are crucial for detailed spatial analysis. IBGE census data (PNAD Contínua, Censo Demográfico 2022, Limite dos Setores Censitários 2010, Malha de Setores Censitários) provides essential demographic and socioeconomic indicators at various administrative levels, including household characteristics. Local government portals (GeoSampa, DATA.RIO, GeoPelotas) offer city-specific infrastructure and urban planning data. While some entries are academic articles or general statistics, the core building footprint and census datasets are highly relevant and credible. The GHSL dataset offers a broader historical and future perspective on built-up surfaces, complementing the more detailed footprint data. SINAPI provides construction cost data, which is valuable for replacement cost estimations.",
            "reasoning": "The extracted structured data provides a rich and diverse set of highly relevant and credible datasets for assessing building exposure in Brazil. The combination of detailed building footprints, comprehensive census data, and construction cost information, along with urban planning and land use data, meets the requirements for a robust CCRA. The spatial and temporal coverage is appropriate, and the data formats are suitable for quantitative analysis. No further deep dive is immediately necessary for these specific entries, as they are ready for integration into the assessment.",
            "final_decision_mode": false,
            "consecutive_deep_dive_count": 0
        }
    ],
    "search_plan_summary": [
        {
            "query": "IBGE dados geográficos edificações Brasil",
            "language": "en",
            "priority": "medium",
            "rank": 1,
            "target_type": "generic",
            "status": "searched"
        },
        {
            "query": "OpenStreetMap Brazil building footprints",
            "language": "en",
            "priority": "medium",
            "rank": 2,
            "target_type": "generic",
            "status": "searched"
        },
        {
            "query": "Google Open Buildings Brazil",
            "language": "en",
            "priority": "medium",
            "rank": 3,
            "target_type": "generic",
            "status": "searched"
        },
        {
            "query": "GHSL built-up area Brazil",
            "language": "en",
            "priority": "medium",
            "rank": 4,
            "target_type": "generic",
            "status": "searched"
        },
        {
            "query": "IBGE Censo Demográfico setor censitário Brasil",
            "language": "en",
            "priority": "medium",
            "rank": 5,
            "target_type": "generic",
            "status": "searched"
        },
        {
            "query": "WorldPop Brazil population density buildings",
            "language": "en",
            "priority": "medium",
            "rank": 6,
            "target_type": "generic",
            "status": "searched"
        },
        {
            "query": "Brazil urban land use land cover GIS",
            "language": "en",
            "priority": "medium",
            "rank": 7,
            "target_type": "generic",
            "status": "searched"
        },
        {
            "query": "Dados cadastrais urbanos Brasil Shapefile",
            "language": "en",
            "priority": "medium",
            "rank": 8,
            "target_type": "generic",
            "status": "searched"
        },
        {
            "query": "Brazil building construction material map",
            "language": "en",
            "priority": "medium",
            "rank": 9,
            "target_type": "generic",
            "status": "searched"
        },
        {
            "query": "Secretaria Municipal de Urbanismo [Nome da Cidade] dados GIS",
            "language": "en",
            "priority": "medium",
            "rank": 10,
            "target_type": "generic",
            "status": "searched"
        },
        {
            "query": "Copernicus Land Monitoring Service Brazil built-up",
            "language": "en",
            "priority": "medium",
            "rank": 11,
            "target_type": "generic",
            "status": "pending"
        },
        {
            "query": "EMBRAPA uso e cobertura da terra Brasil urbano",
            "language": "en",
            "priority": "medium",
            "rank": 12,
            "target_type": "generic",
            "status": "pending"
        },
        {
            "query": "Brazil critical infrastructure GIS data",
            "language": "en",
            "priority": "medium",
            "rank": 13,
            "target_type": "generic",
            "status": "pending"
        },
        {
            "query": "Brazil building age data GIS",
            "language": "en",
            "priority": "medium",
            "rank": 14,
            "target_type": "generic",
            "status": "pending"
        }
    ]
}