{
    "research_mode": "country",
    "target_country": "Brazil",
    "target_country_locode": "BR",
    "target_mode": "exposure",
    "target_which": "infrastructure",
    "target_city": null,
    "start_time": "2025-09-15T22:50:03.437525",
    "end_time": "2025-09-15T22:59:33.921539",
    "total_iterations": 1,
    "final_structured_review_action": "accept",
    "final_confidence": null,
    "structured_data_items_count": 31,
    "structured_data": [
        {
            "name": "OpenStreetMap Export",
            "method_of_access": "Web interface query for map data export",
            "ccra_mode": "exposure",
            "ccra_type": "infrastructure",
            "granularity": "Varies based on user selection during export (implied global coverage, user can zoom to specific regions like Brazil)",
            "data_format": "Implied vector or raster data for map layers, potentially OSM XML/PBF for raw data",
            "description": "OpenStreetMap provides map data, including various layers like standard, cycle, transport, and humanitarian maps. It allows users to export map data for specific regions. The data is contributed by OpenStreetMap contributors and is available under an open license. The content suggests a web interface for map viewing and export, with options for different map layers and notes.",
            "spatial_resolution": "Varies, high resolution for detailed map features (implied down to street level)",
            "temporal_coverage": "Continuously updated (implied by 'OpenStreetMap contributors' and 'Make a Donation' for ongoing support)",
            "url": "https://www.openstreetmap.org/export",
            "country": "Brazil",
            "country_locode": "BR"
        },
        {
            "name": "WEBMAP interativo do sistema energético brasileiro",
            "method_of_access": "Web interface query, WMS service, downloadable vector and raster formats",
            "ccra_mode": "exposure",
            "ccra_type": "infrastructure",
            "sector": "Stationary Energy",
            "granularity": "National",
            "data_format": "Vector, Raster, WMS",
            "description": "The WEBMAP EPE provides an updated interactive map of the Brazilian energy system, offering information, transparency, and accessibility to society. It allows users to query, download data in vector and raster formats, measure areas and distances, add their own data, and print maps from georeferenced data used in national energy sector planning studies. It also allows sharing geographic layers as WMS services and consulting metadata. The map includes layers for planned and existing electrical systems, biofuels, liquid fuels infrastructure, natural gas infrastructure, oil and gas exploration and production, environment, and EPE studies and energy resources. It covers UHE, PCH, CGH, thermal power plants, wind farms, photovoltaic plants, transmission lines and substations, oil and gas fields, biofuel units, and natural gas and liquid fuels infrastructure, among other geoinformation, and relates energy sector information with environmental themes like protected areas (conservation units, indigenous or quilombola lands).",
            "url": "http://www.epe.gov.br/pt/publicacoes-dados-abertos/publicacoes/webmap-epe",
            "country": "Brazil",
            "country_locode": "BR"
        },
        {
            "name": "Dados de Infraestrutura",
            "method_of_access": "Downloadable files via web link",
            "ccra_mode": "exposure",
            "ccra_type": "infrastructure",
            "granularity": "National, Regional (Amazonia)",
            "description": "Data on infrastructure for energy, transport, mining, agribusiness, and telecommunications in Brazil, and landing strips in the Amazon. Provided by MapBiomas.",
            "url": "https://brasil.mapbiomas.org/downloads/",
            "country": "Brazil",
            "country_locode": "BR"
        },
        {
            "name": "Global land characterisation using land cover fractions at 100 m resolution",
            "method_of_access": "View PDF, Download full issue, Download all figures/tables/extras, Supplementary material",
            "ccra_mode": "exposure",
            "sector": "AFOLU",
            "subsector": "Emissions from land within the city boundary",
            "granularity": "global",
            "data_format": "PDF, images (figures), tables, supplementary material",
            "description": "This article describes a global land characterisation using land cover fractions at 100m resolution. It details methods for land cover fraction estimation and compares accuracy with existing global land cover fraction maps. The study uses various features as input for its models.",
            "spatial_resolution": "100m",
            "temporal_coverage": "2021",
            "url": "https://www.sciencedirect.com/science/article/pii/S0034425721001279",
            "country": "Brazil",
            "country_locode": "BR",
            "ccra_type": "infrastructure"
        },
        {
            "name": "DETER Pantanal - alerts dissemination",
            "method_of_access": "Downloadable Shapefile, Web interface query",
            "ccra_mode": "exposure",
            "sector": "AFOLU",
            "subsector": "Emissions from land within the city boundary",
            "granularity": "Biome (Pantanal)",
            "data_format": "Shapefile",
            "description": "Alerts of changes in vegetation cover in the Pantanal Biome from 2023 onwards, provided by the real-time deforestation detection system - DETER, from the National Institute for Space Research (INPE). This is experimental data in the testing and adjustment phase.",
            "temporal_coverage": "From 2023 onwards",
            "url": "https://terrabrasilis.dpi.inpe.br/en/home-page/",
            "country": "Brazil",
            "country_locode": "BR",
            "ccra_type": "infrastructure"
        },
        {
            "name": "Pesquisa Nacional de Saneamento Básico (PNSB) - 2017",
            "method_of_access": "Downloadable XLSX and ODS files, web interface query (Cidades@, SIDRA, BME)",
            "ccra_mode": "exposure",
            "ccra_type": "infrastructure",
            "sector": "Waste",
            "subsector": "Wastewater Treatment and Discharge",
            "granularity": "Municipal (5,570 Municipalities of Brazil), aggregated by population size classes, Great Regions and Federative Units",
            "data_format": "XLSX, ODS, tables, graphs, cartograms",
            "description": "The National Basic Sanitation Survey (PNSB) by IBGE aims to collect information from entities providing collective water supply and sewage services. The 2017 edition, released after nine years, covers cadastral and operational data on water capture, collection, treatment, distribution, and billing, as well as sewage collection, treatment, and disposal across all Brazilian municipalities. It also includes aspects related to delegation instruments, service charges, personnel, and occurrences of water rationing and intermittency. The survey provides a valuable overview of water supply and sewage management in Brazil.",
            "spatial_resolution": "Municipal",
            "temporal_coverage": "2017",
            "url": "https://www.ibge.gov.br/estatisticas/multidominio/meio-ambiente/9073-pesquisa-nacional-de-saneamento-basico.html",
            "country": "Brazil",
            "country_locode": "BR"
        },
        {
            "name": "Malha Municipal Digital (Municipal and Intermediate Meshes) - Brazil",
            "method_of_access": "Downloadable Shapefile (.zip)",
            "ccra_mode": "exposure",
            "ccra_type": "infrastructure",
            "granularity": "municipal",
            "data_format": "Shapefile",
            "description": "The IBGE (Brazilian Institute of Geography and Statistics) updates the Brazilian municipal and intermediate meshes annually, providing shapefiles. The dataset includes municipal boundaries, immediate geographic regions, intermediate geographic regions, states (UF), and the country's boundaries for 2023 and 2024. The 2020 version of the Digital Municipal Mesh is constituted by 5572 geocodes, including 5568 Municipalities, 1 Federal District, 1 State District, and 2 Operational State Areas. The data is provided by IBGE.",
            "spatial_resolution": "municipal",
            "temporal_coverage": "2020, 2023, 2024",
            "url": "https://forest-gis.com/2025/04/ibge-atualiza-malha-municipal-e-intermediariabrasileira.html/",
            "country": "Brazil",
            "country_locode": "BR"
        },
        {
            "name": "Base de Faces de Logradouros do Brasil",
            "method_of_access": "Downloadable files (shp, json) and interactive web applications (Plataforma Geográfica Interativa)",
            "ccra_mode": "exposure",
            "ccra_type": "infrastructure",
            "granularity": "Municipal (by UF/Municípios)",
            "data_format": "Shapefile (SHP), JSON",
            "description": "Geo-referenced geospatial database of lines representing street faces in urbanized areas, urban expansions, and rural agglomerations across Brazil. It includes attributes for street names, territorial structure by Census Sectors, and the National Address Register for Statistical Purposes (CNEFE). The base is updated after each Demographic Census and continuously between Censuses through analysis of high-resolution orbital and aerial images and field campaigns. The 2022 preliminary results incorporate updates from the 2022 Demographic Census collection, representing 13,854,931 line segments.",
            "spatial_resolution": "Municipal, with attributes linked to Census Sectors and Quadrants. Data is structured by Municipalities.",
            "temporal_coverage": "Initial construction from 2007 Censuses, continuously updated, with preliminary results for 2022 (referencing July 31 to August 1, 2022).",
            "url": "https://www.ibge.gov.br/geociencias/organizacao-do-territorio/malhas-territoriais/28971-base-de-faces-de-logradouros-do-brasil.html",
            "country": "Brazil",
            "country_locode": "BR"
        },
        {
            "name": "SINAPI - Sistema Nacional de Pesquisa de Custos e Índices da Construção Civil",
            "method_of_access": "Web interface query, downloadable files (csv, tsv, xls, xlsx, json, ods), digital publication (online), aggregated database (SIDRA)",
            "ccra_mode": "exposure",
            "ccra_type": "infrastructure",
            "sector": "Manufacturing Industries and Construction",
            "granularity": "National, Grandes Regiões, Unidades da Federação, Região Metropolitana",
            "data_format": "csv, tsv, xls, xlsx, json, ods, tables, PDF (manuals/questionnaires)",
            "description": "The SINAPI (Sistema Nacional de Pesquisa de Custos e Índices da Construção Civil) aims to produce monthly series of costs and cost indices for civil construction, at different technical and spatial aggregation levels. It is provided by IBGE and covers costs for residential and commercial projects, including materials and labor. The data is updated monthly, with the latest available results for August 2025.",
            "spatial_resolution": "Unidades da Federação (for median prices of materials, services, and salaries); National, Grandes Regiões, Unidades da Federação (for construction costs and indices); Região Metropolitana (for dissemination level).",
            "temporal_coverage": "Monthly (e.g., August 2025), with historical data available since 1969.",
            "url": "https://www.ibge.gov.br/estatisticas/economicas/precos-e-custos/9270-sistema-nacional-de-pesquisa-de-custos-e-indices-da-construcao-civil.html",
            "country": "Brazil",
            "country_locode": "BR"
        },
        {
            "name": "SINMAPS - Sistema de Informações Geográficas Cadastrais do SIN",
            "method_of_access": "Web interface query",
            "ccra_mode": "exposure",
            "ccra_type": "infrastructure",
            "sector": "Stationary Energy",
            "granularity": "national",
            "description": "SINMAPS is an application that provides relevant information about the SIN (National Interconnected System) in Brazil, integrating digital maps and alphanumeric data from the organization's Technical Database. It includes a registry of all power plants, substations, and transmission lines forming the ONS Operation Network, as well as planned networks based on MME's Consolidated Works report. It also features georeferenced lightning discharge density data for the period 1998-2013.",
            "temporal_coverage": "1998-2013 (for lightning data)",
            "url": "http://www.ons.org.br/paginas/sobre-o-sin/mapas",
            "country": "Brazil",
            "country_locode": "BR"
        },
        {
            "name": "150-m urban building height based on spaceborne lidar",
            "method_of_access": "Downloadable PDF, likely data available through a repository not specified in the abstract.",
            "ccra_mode": "exposure",
            "ccra_type": "infrastructure",
            "granularity": "Global, with specific relevance to urban areas, including Global South countries like Brazil.",
            "data_format": "Mapping product (implied raster/geospatial data), PDF for the article.",
            "description": "A 150-m global urban building heights dataset around 2020, created by combining spaceborne lidar (GEDI), multi-sourced data (Landsat-8, Sentinel-2, and Sentinel-1), and topographic data. The dataset provides fine spatial resolution with details about spatial heterogeneity and flexibility for updating using GEDI samples. It is intended for urban studies across environmental, ecological, and social sciences.",
            "spatial_resolution": "150m",
            "temporal_coverage": "Around 2020",
            "url": "https://www.nature.com/articles/s41597-024-04237-5",
            "country": "Brazil",
            "country_locode": "BR"
        },
        {
            "name": "SNIS - Sistema Nacional de Informações sobre Saneamento",
            "method_of_access": "Web interface query, downloadable reports (Diagnósticos, Cadernos Temáticos, Série Histórica), direct contact via email/phone for specific components.",
            "ccra_mode": "exposure",
            "ccra_type": "infrastructure",
            "sector": "Waste",
            "subsector": "Wastewater Treatment and Discharge",
            "granularity": "National, with data collected from municipalities and service providers.",
            "data_format": "Implied database/web interface, reports (likely PDF/Excel for 'Diagnósticos' and 'Cadernos Temáticos'), time series data.",
            "description": "The National Information System on Sanitation (SNIS) collects annual data from municipalities and basic sanitation service providers in Brazil. It covers information on water supply, sewage, solid waste management, and stormwater drainage. The system provides diagnostics, thematic notebooks, historical series, and information panels.",
            "spatial_resolution": "Municipal level (data collected from municipalities and service providers).",
            "temporal_coverage": "Annual data collection, with historical series available.",
            "url": "https://www.gov.br/cidades/pt-br/acesso-a-informacao/acoes-e-programas/saneamento/snis",
            "country": "Brazil",
            "country_locode": "BR"
        },
        {
            "name": "GHSL: Global built-up surface 1975-2030 (P2023A)",
            "method_of_access": "API (Google Earth Engine)",
            "ccra_mode": "exposure",
            "ccra_type": "infrastructure",
            "granularity": "Global",
            "data_format": "GeoTIFF (implied by raster dataset and pixel size)",
            "description": "This raster dataset depicts the distribution of built-up surfaces, expressed in square metres per 100 m grid cell. It measures total built-up surface and non-residential built-up surface. Data are spatially-temporally interpolated or extrapolated from 1975 to 2030 in 5-year intervals. The dataset is provided by EC JRC as part of the Global Human Settlement Layer (GHSL) project.",
            "spatial_resolution": "100 meters",
            "temporal_coverage": "1975-2030 (in 5-year intervals)",
            "url": "https://developers.google.com/earth-engine/datasets/catalog/JRC_GHSL_P2023A_GHS_BUILT_S",
            "country": "Brazil",
            "country_locode": "BR"
        },
        {
            "name": "Malha de Setores Censitários (Census Tracts Mesh)",
            "method_of_access": "Downloadable files (shp, gpkg)",
            "ccra_mode": "exposure",
            "ccra_type": "infrastructure",
            "granularity": "Census Tracts (Setores Censitários) within municipalities, covering the entire national territory of Brazil.",
            "data_format": "shp, gpkg",
            "description": "This dataset compiles, in digital format, the Census Tracts used as reference for IBGE's Censuses and household surveys. It provides territorial units for data collection and dissemination, identified by a unique geocode. The 2022 version reflects Brazil's political-administrative division as of July 31, 2022, and includes information on urban nuclei, favelas, urban communities, rural agglomerations, indigenous and quilombola groupings, and areas distinguishing effectively domiciled portions. The publication is annual since 2019.",
            "spatial_resolution": "Intra-municipal (Census Tracts)",
            "temporal_coverage": "Annual (since 2019), with the 2022 version reflecting data as of July 31, 2022. Data available since Censo Demográfico 2000.",
            "url": "https://www.ibge.gov.br/geociencias/organizacao-do-territorio/estrutura-territorial/26565-malhas-de-setores-censitarios-divisoes-intramunicipais.html",
            "country": "Brazil",
            "country_locode": "BR"
        },
        {
            "name": "MapBiomas Collection 10 of annual land cover and land use maps",
            "method_of_access": "Web interface query, downloadable files (implied by 'maps and data platform')",
            "ccra_mode": "exposure",
            "ccra_type": "infrastructure",
            "sector": "AFOLU",
            "subsector": "Emissions from land within the city boundary",
            "granularity": "National (Brazil)",
            "data_format": "GeoTIFF (implied by 'maps'), potentially other formats for 'data platform'",
            "description": "MapBiomas provides annual land cover and land use maps for Brazil, with Collection 10 being the latest. The platform also offers analyses, deforestation data, secondary vegetation, agriculture, pasture, fire, mining, water, mosaics, soil, 10-meter resolution data, degradation, and corals. It highlights 40 years of transformations in Brazilian territory and aims to generate science and impact.",
            "spatial_resolution": "10 meters (for some datasets), various resolutions implied by different map types",
            "temporal_coverage": "Annual maps covering 40 years (implied by '40 years of maps that tell Brazil’s story' and '4 decades of profound transformations')",
            "url": "https://brasil.mapbiomas.org/en/",
            "country": "Brazil",
            "country_locode": "BR"
        },
        {
            "name": "Dados Abertos - Agência Nacional de Energia Elétrica",
            "method_of_access": "Web interface query, downloadable files (PDFs mentioned for reports)",
            "ccra_mode": "exposure",
            "ccra_type": "infrastructure",
            "sector": "Stationary Energy",
            "granularity": "National",
            "data_format": "PDF (for reports), implied database/CSV for datasets",
            "description": "The Agência Nacional de Energia Elétrica (ANEEL) provides open data related to the electricity sector in Brazil. This includes information on electricity generation, transmission, distribution, tariffs, and consumer complaints. The platform is part of ANEEL's Open Data Plan (PDA) for 2022-2024, aiming to increase data dissemination and transparency.",
            "spatial_resolution": "National",
            "temporal_coverage": "2022-2024 (for PDA), specific dataset coverage not detailed",
            "url": "https://dadosabertos.aneel.gov.br/",
            "country": "Brazil",
            "country_locode": "BR"
        },
        {
            "name": "Usinas de produção de energia elétrica",
            "method_of_access": "Downloadable files (shapefile, KMZ) via the SIGEL platform of ANEEL",
            "ccra_mode": "exposure",
            "ccra_type": "infrastructure",
            "sector": "Stationary Energy",
            "granularity": "National",
            "data_format": "Shapefile, KMZ",
            "description": "Spatial data layers (points and lines) of electricity generation and transmission infrastructure in Brazil, including hydroelectric, thermal, nuclear, wind, and photovoltaic power plants, as well as transmission lines, substations, reservoirs, and dams. Provided by ANEEL via the SIGEL platform.",
            "url": "https://www.geoaplicada.com/dados/usinas-de-producao-de-energia-eletrica/",
            "country": "Brazil",
            "country_locode": "BR"
        },
        {
            "name": "Estatísticas das empresas de construção",
            "method_of_access": "Downloadable files (XLS, PDF) and embedded charts/tables on a web interface.",
            "ccra_mode": "exposure",
            "ccra_type": "infrastructure",
            "sector": "Manufacturing Industries and Construction",
            "granularity": "Brazil, Grandes Regiões, Unidades da Federação",
            "data_format": "XLS, PDF",
            "description": "Statistics on construction companies in Brazil, provided by IBGE, detailing structural configuration of the sector, for the calculation of GDP and other national and regional aggregates. Data is available by types of works/services, and according to CNAE version 2.0. The Annual Survey of the Construction Industry (PAIC) investigates all construction companies with 30 or more occupied persons censitarily, and uses probabilistic sampling for the rest of the universe. Covers 2020-2021.",
            "spatial_resolution": "National, Regional (Grandes Regiões), State (Unidades da Federação)",
            "temporal_coverage": "2020-2021",
            "url": "https://anuario.ibge.gov.br/2023/industria/construcao.html",
            "country": "Brazil",
            "country_locode": "BR"
        },
        {
            "name": "Esri Demographics for Brazil",
            "method_of_access": "Web interface query (data browser)",
            "ccra_mode": "exposure",
            "ccra_type": "infrastructure",
            "granularity": "Country, States, Municipalities, Statistical Areas Level 2, Statistical Areas Level 1",
            "data_format": "Table, potentially GeoTIFF for settlement points",
            "description": "Esri provides a standard demographics dataset for Brazil, sourced from Michael Bauer Research GmbH. The dataset was updated in October 2024 with a vintage of 2024. It includes settlement points based on the 2023 European Commission Global Human Settlement Layer (GHSL). The dataset is updated approximately every two years. It provides data on Total Population, Population Density, Population per Mill, Male/Female Population Totals, and Population Totals by Age and Gender.",
            "spatial_resolution": "Country (Brasil), States (Unidades Federativas), Municipalities (Municipios), Statistical Areas Level 2 (Subdistritos), Statistical Areas Level 1 (Setores); settlement points use 2023 European Commission Global Human Settlement Layer (GHSL)",
            "temporal_coverage": "2024 vintage, updated approximately every two years",
            "url": "https://doc.arcgis.com/en/esri-demographics/latest/esri-demographics/brazil.htm",
            "country": "Brazil",
            "country_locode": "BR"
        },
        {
            "name": "Dados Geográficos do Setor Elétrico Brasileiro",
            "method_of_access": "Web interface query, API (DCAT feeds, OGC API - Records)",
            "ccra_mode": "exposure",
            "ccra_type": "infrastructure",
            "sector": "Stationary Energy",
            "granularity": "National",
            "data_format": "GeoTIFF, vector (implied by ArcGIS Hub and categories like Distribution, Geração, Transmissão)",
            "description": "Geographic data for the Brazilian Electric Sector, produced, received, or consolidated by the National Electric Energy Agency (ANEEL). The data is made available through an Open Data Plan (PDA) for 2022-2024, aiming to promote transparency and public access. Categories include Distribution, Generation, and Transmission infrastructure.",
            "temporal_coverage": "2022-2024 (PDA plan period)",
            "url": "https://dadosabertos-aneel.opendata.arcgis.com/",
            "country": "Brazil",
            "country_locode": "BR"
        },
        {
            "name": "Vulnerabilidade ambiental em Áreas de Proteção Ambiental (APA) do Bioma Mata Atlântica na região sudeste brasileira",
            "method_of_access": "Downloadable PDF",
            "ccra_mode": "exposure",
            "ccra_type": "infrastructure",
            "granularity": "Regional (southeastern Brazil), within Environmental Protection Areas (APA)",
            "data_format": "PDF",
            "description": "This study diagnoses the environmental vulnerability of Environmental Protection Areas (APA) within the Atlantic Forest Biome in the southeastern region of Brazil. It uses Geographic Information System (GIS) data including slope, geology, pedology, and land use/occupation to determine an Environmental Vulnerability Index. The results indicate predominantly low to medium vulnerability in the studied areas, highlighting the need for actions to reduce degradation from agricultural and urban expansion. The study is essential for territorial planning and management plans for Conservation Units.",
            "url": "https://www.scielo.br/j/cflo/a/MnT7z4Q7bxpDv3XC7KjK7kC/?lang=pt",
            "country": "Brazil",
            "country_locode": "BR"
        },
        {
            "name": "Dados de infraestrutura - Módulo de Infraestrutura",
            "method_of_access": "Downloadable files (shapefile, zip, docx, xlsx), web platform",
            "ccra_mode": "exposure",
            "ccra_type": "infrastructure",
            "granularity": "National",
            "data_format": "Shapefile, ZIP, DOCX, XLSX",
            "description": "This dataset provides infrastructure data for Brazil, compiled from various agencies like IBGE, ANTT, EPE, ONS, MME, ANAC. It includes layers for energy, transport, mining, agribusiness, and telecommunications. The data represents the best available compilation up to August 2025. Some layers also include buffer polygons around infrastructure.",
            "temporal_coverage": "Up to August 2025",
            "url": "https://brasil.mapbiomas.org/dados-de-infraestrutura/",
            "country": "Brazil",
            "country_locode": "BR"
        },
        {
            "name": "Malha Municipal Digital 2022, Atualização dos Mapas Municipais e Áreas Territoriais de Estados e Municípios",
            "method_of_access": "Downloadable files (links provided in the source document for Malha Municipal Digital, Mapas Municipais, and Áreas Territoriais)",
            "ccra_mode": "exposure",
            "ccra_type": "infrastructure",
            "granularity": "municipal",
            "data_format": "digital files (implied GeoTIFF, vector data for maps)",
            "description": "The IBGE (Brazilian Institute of Geography and Statistics) updates three annual Geosciences studies: Digital Municipal Mesh 2022, Update of Municipal Maps, and Territorial Areas of States and Municipalities. These studies provide digital files representing all Brazilian municipalities and the country's total area, based on new legislation, judicial decisions, and technical reports from state agencies. The 2022 edition includes maps for 174 municipalities with updated limits between May 2021 and July 2022. The total territorial area of Brazil for 2022 is 8,510,417.771 km², an adjustment due to international border edits in certain states. The data is continuously updated based on geotechnologies and agreements with state legislative bodies.",
            "spatial_resolution": "municipal",
            "temporal_coverage": "2022 (updates for 2021-2022 period)",
            "url": "https://agenciadenoticias.ibge.gov.br/agencia-noticias/2012-agencia-de-noticias/noticias/36532-ibge-atualiza-dados-geograficos-de-estados-e-municipios-brasileiros",
            "country": "Brazil",
            "country_locode": "BR"
        },
        {
            "name": "SIGMINE - Sistema de Informação Geográfica da Mineração",
            "method_of_access": "Web interface query (ArcGIS Web AppBuilder)",
            "ccra_mode": "exposure",
            "ccra_type": "infrastructure",
            "sector": "Energy",
            "granularity": "National",
            "data_format": "database",
            "description": "This dataset, provided by the Agência Nacional de Mineração (ANM) and other Brazilian agencies, includes various infrastructure layers for Brazil such as ports (ANTAQ), roads (DNIT), gas pipelines (ANP, Petrobras, ANM), hydroelectric plants (ANA, ANM), transmission lines (EPE, ANM), oil pipelines (ANP, Petrobras, ANM), wind farms (ANEEL, ANM), and petrochemical hubs (Petrobras). It also features mining-related processes like active mining processes, protection areas, leases, blocked areas, and garimpeiro reserves from ANM. The map viewer uses Earthstar Geographics and IBGE for geographical base layers.",
            "url": "https://geo.anm.gov.br/portal/apps/webappviewer/index.html?id=6a8f5ccc4b6a4c2bba79759aa952d908",
            "country": "Brazil",
            "country_locode": "BR"
        },
        {
            "name": "PNAD Contínua: Características Gerais dos Domicílios e Moradores 2024",
            "method_of_access": "Web interface for purchasing/downloading publications",
            "ccra_mode": "exposure",
            "ccra_type": "infrastructure",
            "granularity": "National",
            "data_format": "Publication (likely PDF or similar document format)",
            "description": "A publication from IBGE (Brazilian Institute of Geography and Statistics) titled 'PNAD Contínua: Características Gerais dos Domicílios e Moradores 2024' (Continuous PNAD: General Characteristics of Households and Residents 2024). It focuses on the general characteristics of households and residents in Brazil for the year 2024.",
            "spatial_resolution": "National",
            "temporal_coverage": "2024",
            "url": "https://loja.ibge.gov.br/",
            "country": "Brazil",
            "country_locode": "BR"
        },
        {
            "name": "GHSL Pop for Sao Paulo (Brazil)",
            "method_of_access": "Downloadable GeoTIFF file via direct URL",
            "ccra_mode": "exposure",
            "ccra_type": "infrastructure",
            "granularity": "Municipal (Sao Paulo)",
            "data_format": "GeoTIFF",
            "description": "This dataset contains an extract from the 2015 GHSL Pop for the area of Sao Paulo (Brazil). Boundary delineation for the urban area relies on the Functional Urban Areas by the GHSL-OECD. The source is the European Commission.",
            "spatial_resolution": "250m",
            "temporal_coverage": "2015",
            "url": "https://geographicdata.science/book/data/ghsl/build_ghsl_extract.html",
            "country": "Brazil",
            "country_locode": "BR"
        },
        {
            "name": "Informações geoespaciais (Geoinformação)",
            "method_of_access": "Web interface, potentially through the National Spatial Data Infrastructure (INDE) and SIG Brasil visualizer.",
            "ccra_mode": "exposure",
            "ccra_type": "infrastructure",
            "granularity": "National, potentially down to municipal/local for specific applications",
            "data_format": "GeoTIFF, vector data (implied by 'mapas temáticos', 'georreferenciamento', 'imagens de satélite')",
            "description": "This document describes the concept and governance of geospatial information (geoinformation) in Brazil, highlighting its use for public policy planning, implementation, monitoring, and evaluation. It integrates various data types like satellite images, geographic information, and thematic maps, with applications in urban planning, infrastructure investment, and health. Key entities involved in its governance include CONCAR/MPO, INDE/MPO, IBGE/MPO, SGD/MGI, and data producers/consumers.",
            "spatial_resolution": "Varies, from satellite imagery resolution to thematic map representations, with georeferencing for precise location.",
            "url": "https://www.gov.br/governodigital/pt-br/infraestrutura-nacional-de-dados/geoinformacao",
            "country": "Brazil",
            "country_locode": "BR"
        },
        {
            "name": "Logística dos Transportes no Brasil (IBGE)",
            "method_of_access": "Downloadable PDF map via FTP link",
            "ccra_mode": "exposure",
            "ccra_type": "infrastructure",
            "sector": "Transportation",
            "granularity": "National, with regional highlights (e.g., Centro-sul, São Paulo, Amazonian region, specific metropolitan areas)",
            "data_format": "PDF (map), potentially underlying cartographic bases (unspecified format)",
            "description": "A mural map and accompanying text by IBGE (Brazilian Institute of Geography and Statistics) illustrating the spatial distribution of transportation logistics in Brazil. It highlights the predominance of road transport, its concentration in the South-Central region, and the importance of fluvial transport in the Amazon. The map displays key transport infrastructure (roads, railways, waterways) and associated logistics equipment (warehouses, dry ports, border points, public aerodromes, waterway terminals). The data sources include the Ministry of Transport, ANTAQ, ANAC, DNIT, INFRAERO, and the Federal Revenue of Brazil. The map aims to contribute to the analysis and construction of a new geography of the country, understanding transport logistics as a structuring dimension of the Brazilian urban network and national connections. The release was published on 25/11/2014 and updated on 27/05/2019.",
            "spatial_resolution": "1:5,000,000 scale (1 cm = 50 km) for the map, with detailed representation of infrastructure elements.",
            "temporal_coverage": "Data sources are from various agencies, with the map illustrating the scenario around 2014. Specific data years mentioned include 2009 for transport modal share.",
            "url": "https://agenciadenoticias.ibge.gov.br/agencia-sala-de-imprensa/2013-agencia-de-noticias/releases/14707-asi-ibge-mapeia-a-infraestrutura-dos-transportes-no-brasil",
            "country": "Brazil",
            "country_locode": "BR"
        },
        {
            "name": "Painel Saneamento Brasil",
            "method_of_access": "Web interface query",
            "ccra_mode": "exposure",
            "ccra_type": "infrastructure",
            "sector": "Waste",
            "subsector": "Wastewater Treatment and Discharge",
            "granularity": "Municipal",
            "description": "The Painel Saneamento Brasil platform, created by Instituto Trata Brasil, provides indicators on basic sanitation services in Brazilian localities. It includes data on access to potable water, sewage collection, and wastewater treatment, covering 839 municipalities with populations above 50,000 inhabitants, starting with the 200 largest cities. The data is updated annually, with the latest update in 2022 using 2020 base data from SNIS, DataSUS, IBGE, INEP, and ITB's own data. It also presents health impacts related to sanitation.",
            "spatial_resolution": "Municipal (839 municipalities with population > 50,000, starting with 200 largest cities)",
            "temporal_coverage": "2020 (base year for latest update), with historical data from 2019 mentioned for health indicators.",
            "url": "https://tratabrasil.org.br/confira-a-atualizacao-do-painel-saneamento-brasil/",
            "country": "Brazil",
            "country_locode": "BR"
        },
        {
            "name": "Infraestrutura Nacional de Dados Espaciais (INDE)",
            "method_of_access": "Web interface query, visualizer, catalog of metadata",
            "ccra_mode": "exposure",
            "ccra_type": "infrastructure",
            "granularity": "National",
            "data_format": "database, geo-spatial data formats (implied)",
            "description": "The National Spatial Data Infrastructure (INDE) aims to catalog, integrate, and harmonize geospatial data from Brazilian government institutions that produce and maintain such data. It allows users to easily locate, explore, and access geospatial data through its metadata. The platform includes a visualizer for composing maps and a catalog for searching metadata.",
            "spatial_resolution": "Varies by source data (implied)",
            "temporal_coverage": "Ongoing, with news updates in 2025",
            "url": "https://inde.gov.br/",
            "country": "Brazil",
            "country_locode": "BR"
        },
        {
            "name": "Cartografia Geológica - Folhas diversas (Belo Horizonte, Caeté, Capanema, etc.)",
            "method_of_access": "Web interface query with download request, requiring user registration and email confirmation for file delivery due to file size.",
            "ccra_mode": "exposure",
            "ccra_type": "infrastructure",
            "granularity": "Regional (specific map sheets/folhas)",
            "data_format": "SIG (Vetores), Carta Geológica (likely PDF/image), Informe de Recursos Minerais",
            "description": "Geological maps and mineral resource information for various regions in Brazil, provided by GEOSGB. The data includes geological charts and vector data (SIG) for specific map sheets, with some entries indicating revisions or specific years of publication (e.g., 2019, 2020, 2023). Access requires user registration and a download request process.",
            "spatial_resolution": "1:25.000 scale for Cartas Geológicas",
            "temporal_coverage": "Various years (e.g., 2019, 2020, 2023) for different map sheets, with some noted as 'em revisão' (under revision).",
            "url": "https://geosgb.sgb.gov.br/geosgb/downloads.html",
            "country": "Brazil",
            "country_locode": "BR"
        }
    ],
    "raw_review_action": "proceed_to_extraction",
    "last_raw_review_details": {
        "overall_assessment": "The batch contains several highly promising documents for infrastructure exposure data, particularly for Brazil. OpenStreetMap is a general source but the specific export page is less useful. The EPE Webmap and MapBiomas infrastructure data are excellent finds. The IBGE links provide crucial administrative boundaries and sanitation infrastructure data. Several links were empty or less relevant.",
        "documents_to_extract": [
            "http://www.epe.gov.br/pt/publicacoes-dados-abertos/publicacoes/webmap-epe",
            "https://brasil.mapbiomas.org/downloads/",
            "https://www.ibge.gov.br/estatisticas/multidominio/meio-ambiente/9073-pesquisa-nacional-de-saneamento-basico.html",
            "https://forest-gis.com/2025/04/ibge-atualiza-malha-municipal-e-intermediariabrasileira.html/"
        ],
        "suggested_next_action": "proceed_to_extraction",
        "action_reasoning": "Identified multiple authoritative sources (EPE, MapBiomas, IBGE) offering geospatial infrastructure data (energy, transport, sanitation, land use/cover, administrative boundaries) for Brazil, which directly aligns with the CCRA context for infrastructure exposure. These documents explicitly mention downloadable vector/raster formats and interactive maps with detailed layers."
    },
    "last_structured_review_details": {
        "overall_assessment_notes": "The extracted structured data provides a strong foundation for a CCRA exposure assessment in Brazil, particularly for infrastructure. Several datasets from credible sources like IBGE, ANEEL, EPE, and MapBiomas offer detailed geospatial information on transportation, energy, and sanitation infrastructure, as well as built-up areas and demographic characteristics. While some entries are less directly relevant (e.g., land cover fractions without explicit infrastructure links, or general demographic publications without spatial data), the core infrastructure datasets are highly valuable. The availability of municipal-level data and continuous updates from official sources enhances the potential for a robust assessment. There are some gaps in specific critical infrastructure categories (e.g., hospitals, schools explicitly) and detailed economic/financial indicators directly linked to infrastructure assets, but the existing data can serve as a strong base.",
        "relevance_score": "High",
        "relevance_reasoning": "The data includes numerous entries directly related to infrastructure (energy, transport, sanitation, built-up areas) and demographic/population characteristics at relevant spatial scales for Brazil. Key sources like IBGE, ANEEL, EPE, and MapBiomas provide geospatial data crucial for exposure assessment.",
        "credibility_score": "High",
        "credibility_reasoning": "The majority of the data originates from highly credible Brazilian government agencies (IBGE, ANEEL, EPE, ANM), well-regarded research initiatives (MapBiomas, GHSL), and established international organizations (OpenStreetMap, Esri Demographics). These sources are authoritative and regularly updated.",
        "completeness_score": "Medium",
        "completeness_reasoning": "While there is substantial data on energy, transportation, and general built-up areas, specific critical infrastructure categories like hospitals, schools, and emergency services are not explicitly detailed in the extracted data. Economic and financial indicators directly tied to infrastructure assets (e.g., replacement costs, insurance coverage) are also less prominent, though SINAPI provides construction costs which could be a proxy. Demographic data is good, but specific socioeconomic vulnerability indicators (e.g., poverty rates at fine spatial resolution) could be further enhanced. The spatial resolution and temporal coverage are generally good for the available data.",
        "overall_confidence": "High",
        "suggested_action": "accept",
        "action_reasoning": "The extracted data provides a comprehensive and credible set of exposure infrastructure datasets for Brazil, covering key sectors like energy, transportation, and sanitation, along with essential demographic and built-environment information. The sources are highly authoritative, and the spatial and temporal resolutions are generally suitable for CCRA. While some specific critical infrastructure types and detailed economic indicators could be further explored, the current collection is robust enough to proceed with analysis.",
        "refinement_details": "Future refinement could focus on identifying specific datasets for critical social infrastructure (hospitals, schools) and more granular economic vulnerability indicators at sub-municipal levels, if available."
    },
    "decision_log": [
        {
            "action": "init",
            "mode": "exposure",
            "which": "infrastructure",
            "country": "Brazil",
            "research_mode": "country",
            "english_only_mode": false
        },
        {
            "agent": "Planner",
            "action": "plan_generated",
            "summary": "CCRA plan for exposure/infrastructure (Brazil) with 15 structured queries.",
            "target_country_locode": "BR",
            "primary_languages": [
                "en",
                "pt"
            ],
            "parsed_keywords_count": 15,
            "structured_parsing_successful": true
        },
        {
            "agent": "Researcher",
            "action": "research_iteration_completed",
            "queries_processed": [
                "IBGE malha viária shapefile Brasil",
                "ANEEL SIGEL dados espaciais",
                "OpenStreetMap Brazil infrastructure data",
                "Brasil uso e cobertura da terra 30m GeoTIFF",
                "SIGEL linhas de transmissão shapefile Brasil",
                "SNIS dados geográficos saneamento Brasil",
                "GHSL built-up area Brazil GeoTIFF",
                "Ministério da Infraestrutura Brasil dados GIS",
                "Brazil critical infrastructure GIS data",
                "IBGE dados geográficos edificações Brasil"
            ],
            "urls_collected": 100,
            "relevant_urls_for_scraping": 55,
            "new_data_items": 31
        },
        {
            "agent": "Reviewer",
            "timestamp": "2025-09-15T22:58:18.910132",
            "action": "raw_review_completed",
            "suggested_action": "proceed_to_extraction",
            "documents_selected_for_extraction_count": 4,
            "summary": "The batch contains several highly promising documents for infrastructure exposure data, particularly for Brazil. OpenStreetMap is a general source but the specific export page is less useful. The EPE Webmap and MapBiomas infrastructure data are excellent finds. The IBGE links provide crucial administrative boundaries and sanitation infrastructure data. Several links were empty or less relevant.",
            "reasoning": "Identified multiple authoritative sources (EPE, MapBiomas, IBGE) offering geospatial infrastructure data (energy, transport, sanitation, land use/cover, administrative boundaries) for Brazil, which directly aligns with the CCRA context for infrastructure exposure. These documents explicitly mention downloadable vector/raster formats and interactive maps with detailed layers."
        },
        {
            "agent": "Extractor",
            "action": "extraction_complete",
            "documents_processed_in_batch": 55,
            "new_data_items_extracted": 31,
            "total_structured_items": 31
        },
        {
            "agent": "StructuredReviewer",
            "timestamp": "2025-09-15T22:59:33.867628",
            "action": "structured_review_completed",
            "suggested_action": "accept",
            "overall_confidence": "High",
            "summary": "The extracted structured data provides a strong foundation for a CCRA exposure assessment in Brazil, particularly for infrastructure. Several datasets from credible sources like IBGE, ANEEL, EPE, and MapBiomas offer detailed geospatial information on transportation, energy, and sanitation infrastructure, as well as built-up areas and demographic characteristics. While some entries are less directly relevant (e.g., land cover fractions without explicit infrastructure links, or general demographic publications without spatial data), the core infrastructure datasets are highly valuable. The availability of municipal-level data and continuous updates from official sources enhances the potential for a robust assessment. There are some gaps in specific critical infrastructure categories (e.g., hospitals, schools explicitly) and detailed economic/financial indicators directly linked to infrastructure assets, but the existing data can serve as a strong base.",
            "reasoning": "The extracted data provides a comprehensive and credible set of exposure infrastructure datasets for Brazil, covering key sectors like energy, transportation, and sanitation, along with essential demographic and built-environment information. The sources are highly authoritative, and the spatial and temporal resolutions are generally suitable for CCRA. While some specific critical infrastructure types and detailed economic indicators could be further explored, the current collection is robust enough to proceed with analysis.",
            "final_decision_mode": false,
            "consecutive_deep_dive_count": 0
        }
    ],
    "search_plan_summary": [
        {
            "query": "IBGE malha viária shapefile Brasil",
            "language": "en",
            "priority": "High",
            "rank": 1,
            "target_type": "generic",
            "status": "searched"
        },
        {
            "query": "ANEEL SIGEL dados espaciais",
            "language": "en",
            "priority": "High",
            "rank": 2,
            "target_type": "generic",
            "status": "searched"
        },
        {
            "query": "OpenStreetMap Brazil infrastructure data",
            "language": "en",
            "priority": "High",
            "rank": 3,
            "target_type": "generic",
            "status": "searched"
        },
        {
            "query": "Brasil uso e cobertura da terra 30m GeoTIFF",
            "language": "en",
            "priority": "High",
            "rank": 4,
            "target_type": "generic",
            "status": "searched"
        },
        {
            "query": "SIGEL linhas de transmissão shapefile Brasil",
            "language": "en",
            "priority": "High",
            "rank": 5,
            "target_type": "generic",
            "status": "searched"
        },
        {
            "query": "SNIS dados geográficos saneamento Brasil",
            "language": "en",
            "priority": "Medium",
            "rank": 6,
            "target_type": "generic",
            "status": "searched"
        },
        {
            "query": "GHSL built-up area Brazil GeoTIFF",
            "language": "en",
            "priority": "Medium",
            "rank": 7,
            "target_type": "generic",
            "status": "searched"
        },
        {
            "query": "Ministério da Infraestrutura Brasil dados GIS",
            "language": "en",
            "priority": "Medium",
            "rank": 8,
            "target_type": "generic",
            "status": "searched"
        },
        {
            "query": "Brazil critical infrastructure GIS data",
            "language": "en",
            "priority": "Medium",
            "rank": 9,
            "target_type": "generic",
            "status": "searched"
        },
        {
            "query": "IBGE dados geográficos edificações Brasil",
            "language": "en",
            "priority": "Medium",
            "rank": 10,
            "target_type": "generic",
            "status": "searched"
        },
        {
            "query": "Dados espaciais equipamentos públicos saúde educação Brasil",
            "language": "en",
            "priority": "Medium",
            "rank": 11,
            "target_type": "generic",
            "status": "pending"
        },
        {
            "query": "Dados cadastrais urbanos Brasil shapefile",
            "language": "en",
            "priority": "Medium",
            "rank": 12,
            "target_type": "generic",
            "status": "pending"
        },
        {
            "query": "Plataforma Lattes infraestrutura urbana Brasil GIS",
            "language": "en",
            "priority": "Low",
            "rank": 13,
            "target_type": "generic",
            "status": "pending"
        },
        {
            "query": "Agência Nacional de Telecomunicações (ANATEL) dados geográficos",
            "language": "en",
            "priority": "Low",
            "rank": 14,
            "target_type": "generic",
            "status": "pending"
        },
        {
            "query": "World Bank Brazil infrastructure GIS",
            "language": "en",
            "priority": "Low",
            "rank": 15,
            "target_type": "generic",
            "status": "pending"
        }
    ]
}