{
    "research_mode": "country",
    "target_country": "Brazil",
    "target_country_locode": "BRA",
    "target_mode": "exposure",
    "target_which": "agriculture",
    "target_city": null,
    "start_time": "2025-09-15T22:50:08.376020",
    "end_time": "2025-09-15T22:55:49.704119",
    "total_iterations": 1,
    "final_structured_review_action": "accept",
    "final_confidence": null,
    "structured_data_items_count": 9,
    "structured_data": [
        {
            "name": "Atlas do Espaço Rural Brasileiro",
            "method_of_access": "Downloadable publication (PDF), interactive geographic platform (PGI) for data crossing, map creation, and table/project download.",
            "ccra_mode": "exposure",
            "ccra_type": "agriculture",
            "sector": "Agriculture, Forestry, and Other Land Use (AFOLU)",
            "subsector": "Emissions from land within the city boundary",
            "granularity": "National (Brazil), with regional and local variations discussed",
            "data_format": "Digital publication (PDF), interactive platform with maps, graphs, tables, and downloadable data in various formats.",
            "description": "The Atlas do Espaço Rural Brasileiro (Atlas of Brazilian Rural Space) provides an integrated view of information from the Agricultural Census, combined with other agricultural, population, geographic, environmental, and economic surveys conducted by IBGE. It offers a statistical and cartographic analysis of Brazil's complex rural space, focusing on socioeconomic dynamics, land use, agricultural practices, and technology adoption, highlighting regional and cultural inequalities. The second edition (2020) incorporates data from the 2017 Agricultural Census and other IBGE surveys, as well as data from Incra and Funai. It is published after the Agricultural Census.",
            "spatial_resolution": "Not explicitly stated, but implied to be detailed enough for geographic interpretation and mapping of rural areas across Brazil.",
            "temporal_coverage": "Primarily based on the 2017 Agricultural Census, with historical context and contemporary analysis up to 2020.",
            "url": "https://www.ibge.gov.br/geociencias/atlas/tematicos/16362-atlas-do-espaco-rural-brasileiro.html",
            "country": "Brazil",
            "country_locode": "BRA"
        },
        {
            "name": "CROPGRIDS: a global geo-referenced dataset of 173 crops",
            "method_of_access": "Downloadable PDF, dataset likely available via external link not provided in content",
            "ccra_mode": "exposure",
            "ccra_type": "agriculture",
            "sector": "AFOLU",
            "granularity": "Global, national, regional, 0.05° (about 5.6 km at the equator)",
            "data_format": "Gridded datasets (implied from resolution and 'geo-referenced')",
            "description": "CROPGRIDS is a comprehensive global geo-referenced dataset providing area information for 173 crops for the year 2020, at a resolution of 0.05°. It updates the Monfreda et al. (2008) dataset and builds on information from 27 published gridded datasets, subnational data of 52 countries, and 2020 national-level statistics from FAOSTAT, providing harvested and crop (physical) areas.",
            "spatial_resolution": "0.05° (about 5.6 km at the equator)",
            "temporal_coverage": "2020",
            "url": "https://www.nature.com/articles/s41597-024-03247-7",
            "country": "Brazil",
            "country_locode": "BRA"
        },
        {
            "name": "Censo Agro 2017",
            "method_of_access": "Web interface query, downloadable reports, interactive maps",
            "ccra_mode": "exposure",
            "ccra_type": "agriculture",
            "sector": "AFOLU",
            "granularity": "Municipal, mesoregion, microregion",
            "data_format": "Database, interactive maps, reports",
            "description": "The IBGE's 2017 Agricultural Census (Censo Agro 2017) provides definitive results and maps by municipality, detailing characteristics of agricultural and extractive establishments. It includes information on indigenous agricultural production, with data available at mesoregion and microregion levels. The census has a history of over 100 years, with the 2017 edition being a significant update.",
            "spatial_resolution": "Municipal, mesoregion, microregion",
            "temporal_coverage": "2017 (with historical context back 100 years)",
            "url": "https://censoagro2017.ibge.gov.br/",
            "country": "Brazil",
            "country_locode": "BRA"
        },
        {
            "name": "Brazil - Cattle stocking rate",
            "method_of_access": "Downloadable files (CSV, GeoJSON)",
            "ccra_mode": "exposure",
            "ccra_type": "agriculture",
            "sector": "AFOLU",
            "subsector": "Emissions from livestock within the city boundary",
            "granularity": "municipality",
            "data_format": "CSV, GeoJSON",
            "description": "This dataset provides the number of heads of cattle per hectare of pasture for Brazil, based on preliminary results of the 2017 IBGE agricultural census. Municipalities with rates higher than 4 and 53 municipalities originally without data were excluded. The data was last updated on 14 Jul 2022.",
            "spatial_resolution": "municipal",
            "temporal_coverage": "2017",
            "url": "https://trase.earth/open-data/datasets/spatial-metrics-brazil-beef-cattle-stocking-rate",
            "country": "Brazil",
            "country_locode": "BRA"
        },
        {
            "name": "Cobertura e uso da terra",
            "method_of_access": "Web interface with links to specific reports and data products",
            "ccra_mode": "exposure",
            "ccra_type": "agriculture",
            "sector": "AFOLU",
            "subsector": "Emissions from land within the city boundary",
            "granularity": "National",
            "description": "This dataset from IBGE provides information on land cover and land use classification, focusing on representing and analyzing territorial dynamics in terms of occupation processes, land utilization, and transformations in Brazil. It includes products like a methodological proposal for identifying urban green areas, urbanized areas, land cover and use monitoring, a technical manual, and land use maps from the Agricultural Census.",
            "spatial_resolution": "1:250 000 scale mentioned for one product, otherwise national for Brazil",
            "url": "https://www.ibge.gov.br/geociencias/informacoes-ambientais/cobertura-e-uso-da-terra.html",
            "country": "Brazil",
            "country_locode": "BRA"
        },
        {
            "name": "Land cover classification gridded maps from 1992 to present derived from satellite observations",
            "method_of_access": "Downloadable files from the Copernicus Climate Data Store (CDS)",
            "ccra_mode": "exposure",
            "ccra_type": "agriculture",
            "sector": "AFOLU",
            "subsector": "Emissions from land within the city boundary",
            "granularity": "Global",
            "data_format": "Not explicitly stated, but implied to be gridded maps (e.g., NetCDF, GeoTIFF) given the spatial resolution and nature of land cover data.",
            "description": "Global land cover classification gridded maps from 1992 to present, derived from satellite observations. The dataset provides 22 basic classes and 37 detailed classes, following six IPCC land categories (cropland, forest, grassland, wetland, settlement, and others). Versions v2.0.7 (ESA CCI) and v2.1.1 (Copernicus C3S) cover 1992-2015 and 2016 onwards, respectively. Updates are usually annual with a one-year delay, with 2023 and 2024 data expected in 2026. It is particularly valuable for monitoring cropland, vegetation, and tree coverage, including deforestation and afforestation trends in tropical regions.",
            "spatial_resolution": "Approximately 300m",
            "temporal_coverage": "Annual intervals from 1992 to present",
            "url": "https://cds.climate.copernicus.eu/datasets/satellite-land-cover?tab=quality_assurance_tab",
            "country": "Brazil",
            "country_locode": "BRA"
        },
        {
            "name": "Brazil - Population Density",
            "method_of_access": "Downloadable files (Geotiff, ASCII XYZ)",
            "ccra_mode": "exposure",
            "ccra_type": "agriculture",
            "granularity": "National",
            "data_format": "Geotiff, ASCII XYZ",
            "description": "WorldPop produces gridded population density datasets for Brazil, derived from population count datasets by dividing the number of people in each pixel by the pixel surface area. These datasets are available for each year from 2000-2020, with some versions adjusted to match official United Nations population estimates. The dataset is provided by WorldPop, University of Southampton, UK, and updates never.",
            "spatial_resolution": "30 arc-seconds (approximately 1km at the equator)",
            "temporal_coverage": "January 01, 2000-December 31, 2020",
            "url": "https://data.humdata.org/dataset/worldpop-population-density-for-brazil",
            "country": "Brazil",
            "country_locode": "BRA"
        },
        {
            "name": "Mapeamento da Agricultura Irrigada do Brasil por Pivôs Centrais - 2013",
            "method_of_access": "Web interface query, embedded map viewer, downloadable images, integration with SOMABRASIL system",
            "ccra_mode": "exposure",
            "ccra_type": "agriculture",
            "sector": "AFOLU",
            "granularity": "National, State, Municipal, individual pivot central level",
            "data_format": "Image (JPG), WebGIS (embed)",
            "description": "This mapping represents the spatial distribution of irrigated agriculture in Brazil using central pivots. It was generated from Landsat 8 satellite images in 2013 through a partnership between the National Water Agency (ANA) and Embrapa. The system allows users to zoom in/out to the level of each mapped central pivot. It also includes state boundaries, municipality names, highways, and the hydrographic network. The mapping is also available in the SOMABRASIL system for cross-referencing with other agricultural and natural resource databases. In 2013, 17,878 central pivots were identified, occupying an irrigated area of 1,179,176 ha.",
            "spatial_resolution": "Satellite image resolution (Landsat 8), down to individual central pivot (circles in red)",
            "temporal_coverage": "2013",
            "url": "https://www.embrapa.br/agua-na-agricultura/mapas-sobre-irrigacao",
            "country": "Brazil",
            "country_locode": "BRA"
        },
        {
            "name": "GAEZ - Agro-climatic Potential Yield",
            "method_of_access": "Downloadable files, ArcGIS Map Viewer, ArcGIS StoryMaps, API Explorer, ArcGIS Online",
            "ccra_mode": "exposure",
            "ccra_type": "agriculture",
            "sector": "AFOLU",
            "granularity": "5 arc-minutes",
            "data_format": "Image Service",
            "description": "This dataset from the Food and Agriculture Organization of the United Nations defines the agronomically possible upper limit to produce individual crops under given agro-climatic, soil and terrain conditions. It uses an eco-physiological crop growth model to calculate potential biomass production and yield, considering temperature, radiation, and soil moisture. It provides crop-wise information about Agro-Climatic Yield, Constraint Factors, Growth Cycle Attributes, and Land Utilization Types (LUT) Selection. The data was updated on December 1, 2022, and published on September 11, 2020.",
            "spatial_resolution": "5 arc-minutes",
            "temporal_coverage": "Historical climate of 1981-2010 (implied for related datasets, not explicitly for this one)",
            "url": "https://gaez.fao.org/datasets/hqfao::gaez-agro-climatic-potential-yield/about",
            "country": "Brazil",
            "country_locode": "BRA"
        }
    ],
    "raw_review_action": "proceed_to_extraction",
    "last_raw_review_details": {
        "overall_assessment": "This batch of documents contains several highly promising sources for agriculture exposure data, particularly for Brazil. The IBGE (Brazilian Institute of Geography and Statistics) documents point to comprehensive agricultural census data and land use/cover information, which are crucial for understanding agricultural exposure. The Nature.com article introduces a global, high-resolution dataset of crop distribution, directly relevant to agricultural exposure. Trase.earth offers specific, downloadable geospatial data on cattle stocking rates in Brazil. Several other documents are 'No content available' or lead to general news articles, making them less useful for direct data extraction.",
        "documents_to_extract": [
            "https://www.ibge.gov.br/geociencias/atlas/tematicos/16362-atlas-do-espaco-rural-brasileiro.html",
            "https://www.nature.com/articles/s41597-024-03247-7",
            "https://censoagro2017.ibge.gov.br/",
            "https://trase.earth/open-data/datasets/spatial-metrics-brazil-beef-cattle-stocking-rate",
            "https://www.ibge.gov.br/geociencias/informacoes-ambientais/cobertura-e-uso-da-terra.html"
        ],
        "suggested_next_action": "proceed_to_extraction",
        "action_reasoning": "Multiple documents from authoritative sources (IBGE, Nature.com, Trase.earth) have been identified that directly contain or link to structured, geospatial agriculture exposure datasets, some with fine spatial resolution (e.g., 0.05 degrees or municipal level) and in suitable formats (GeoJSON, CSV, and implied GIS layers from IBGE's interactive platform). These are highly relevant for the specified CCRA context."
    },
    "last_structured_review_details": {
        "overall_assessment_notes": "The extracted structured data provides a strong foundation for an exposure agriculture CCRA in Brazil. Several datasets from credible sources like IBGE, EMBRAPA, and FAO offer detailed information on agricultural practices, land use, crop distribution, and even specific infrastructure like irrigation systems. The Censo Agro 2017 and Atlas do Espaço Rural Brasileiro are particularly valuable for their comprehensive socioeconomic and agricultural statistics at fine granularities. CROPGRIDS offers global crop distribution data that can be downscaled or used in conjunction with national data. While some datasets are global, their relevance to Brazil is clear, especially for land cover and potential yield. Population density data is also available, which is a key exposure indicator. The main area for improvement would be to ensure all relevant spatial data formats are explicitly identified and accessible for direct analysis.",
        "relevance_score": "High",
        "relevance_reasoning": "The datasets are highly relevant to exposure agriculture in Brazil. They cover key indicators such as land use/land cover (agriculture, pasture), specific crop distribution, agricultural practices (irrigation), livestock density, and socioeconomic aspects of rural areas. The Censo Agro 2017 and Atlas do Espaço Rural Brasileiro provide comprehensive national-level agricultural statistics with good spatial granularity. CROPGRIDS and GAEZ offer global perspectives that are applicable to Brazil's agricultural landscape.",
        "credibility_score": "High",
        "credibility_reasoning": "The sources are highly credible, including official Brazilian government agencies (IBGE, EMBRAPA), international organizations (FAO, Copernicus, WorldPop), and reputable scientific publishers (Nature). These institutions are recognized authorities in their respective fields, ensuring the reliability and accuracy of the data.",
        "completeness_score": "Medium",
        "completeness_reasoning": "While the datasets cover many aspects of agricultural exposure, there are some gaps. For instance, while land cover is covered, specific agricultural infrastructure beyond irrigation pivots (e.g., storage facilities, processing plants) is not explicitly detailed. Socioeconomic vulnerability indicators are present through the IBGE census data, but might require further extraction or processing to isolate specific metrics like poverty rates or education attainment directly linked to agricultural communities. The CROPGRIDS dataset is from 2020, which is relatively recent, but some other datasets are older (e.g., Censo Agro 2017, irrigation mapping 2013).",
        "overall_confidence": "High",
        "suggested_action": "accept",
        "action_reasoning": "The extracted data provides a robust and highly relevant set of resources for assessing agricultural exposure in Brazil. The sources are credible, and the spatial and temporal coverage is generally good, with several datasets offering fine granularity. The identified gaps are minor and can likely be addressed through further analysis of the accepted datasets or subsequent targeted searches. The data is suitable for quantitative risk assessment, particularly given the availability of geospatial formats.",
        "refinement_details": "Further investigation into the specific data formats available for download from the IBGE 'Atlas do Espaço Rural Brasileiro' and 'Cobertura e uso da terra' would be beneficial to confirm direct geospatial usability (e.g., shapefiles, GeoTIFFs). For 'CROPGRIDS', confirming the direct download link for the gridded datasets would be useful. Additionally, exploring if more recent updates or projections for irrigation mapping exist would enhance temporal completeness."
    },
    "decision_log": [
        {
            "action": "init",
            "mode": "exposure",
            "which": "agriculture",
            "country": "Brazil",
            "research_mode": "country",
            "english_only_mode": false
        },
        {
            "agent": "Planner",
            "action": "plan_generated",
            "summary": "CCRA plan for exposure/agriculture (Brazil) with 15 structured queries.",
            "target_country_locode": "BRA",
            "primary_languages": [
                "en",
                "pt"
            ],
            "parsed_keywords_count": 15,
            "structured_parsing_successful": true
        },
        {
            "agent": "Researcher",
            "action": "research_iteration_completed",
            "queries_processed": [
                "IBGE Censo Agropecuário dados espaciais Brasil",
                "EMBRAPA solos Brasil shapefile",
                "INPE TerraClass uso e cobertura da terra Amazônia Cerrado GeoTIFF",
                "Brazil crop type map 1km GeoTIFF",
                "Brazil livestock census spatial data",
                "FAOSTAT geospatial Brazil agriculture",
                "ESA CCI Land Cover Brazil 300m",
                "Brasil áreas irrigadas shapefile ANA",
                "WorldPop Brazil rural population density 1km",
                "ISRIC SoilGrids Brazil 250m"
            ],
            "urls_collected": 100,
            "relevant_urls_for_scraping": 34,
            "new_data_items": 9
        },
        {
            "agent": "Reviewer",
            "timestamp": "2025-09-15T22:55:23.243820",
            "action": "raw_review_completed",
            "suggested_action": "proceed_to_extraction",
            "documents_selected_for_extraction_count": 5,
            "summary": "This batch of documents contains several highly promising sources for agriculture exposure data, particularly for Brazil. The IBGE (Brazilian Institute of Geography and Statistics) documents point to comprehensive agricultural census data and land use/cover information, which are crucial for understanding agricultural exposure. The Nature.com article introduces a global, high-resolution dataset of crop distribution, directly relevant to agricultural exposure. Trase.earth offers specific, downloadable geospatial data on cattle stocking rates in Brazil. Several other documents are 'No content available' or lead to general news articles, making them less useful for direct data extraction.",
            "reasoning": "Multiple documents from authoritative sources (IBGE, Nature.com, Trase.earth) have been identified that directly contain or link to structured, geospatial agriculture exposure datasets, some with fine spatial resolution (e.g., 0.05 degrees or municipal level) and in suitable formats (GeoJSON, CSV, and implied GIS layers from IBGE's interactive platform). These are highly relevant for the specified CCRA context."
        },
        {
            "agent": "Extractor",
            "action": "extraction_complete",
            "documents_processed_in_batch": 34,
            "new_data_items_extracted": 9,
            "total_structured_items": 9
        },
        {
            "agent": "StructuredReviewer",
            "timestamp": "2025-09-15T22:55:49.689735",
            "action": "structured_review_completed",
            "suggested_action": "accept",
            "overall_confidence": "High",
            "summary": "The extracted structured data provides a strong foundation for an exposure agriculture CCRA in Brazil. Several datasets from credible sources like IBGE, EMBRAPA, and FAO offer detailed information on agricultural practices, land use, crop distribution, and even specific infrastructure like irrigation systems. The Censo Agro 2017 and Atlas do Espaço Rural Brasileiro are particularly valuable for their comprehensive socioeconomic and agricultural statistics at fine granularities. CROPGRIDS offers global crop distribution data that can be downscaled or used in conjunction with national data. While some datasets are global, their relevance to Brazil is clear, especially for land cover and potential yield. Population density data is also available, which is a key exposure indicator. The main area for improvement would be to ensure all relevant spatial data formats are explicitly identified and accessible for direct analysis.",
            "reasoning": "The extracted data provides a robust and highly relevant set of resources for assessing agricultural exposure in Brazil. The sources are credible, and the spatial and temporal coverage is generally good, with several datasets offering fine granularity. The identified gaps are minor and can likely be addressed through further analysis of the accepted datasets or subsequent targeted searches. The data is suitable for quantitative risk assessment, particularly given the availability of geospatial formats.",
            "final_decision_mode": false,
            "consecutive_deep_dive_count": 0
        }
    ],
    "search_plan_summary": [
        {
            "query": "IBGE Censo Agropecuário dados espaciais Brasil",
            "language": "en",
            "priority": "medium",
            "rank": 1,
            "target_type": "generic",
            "status": "searched"
        },
        {
            "query": "EMBRAPA solos Brasil shapefile",
            "language": "en",
            "priority": "medium",
            "rank": 2,
            "target_type": "generic",
            "status": "searched"
        },
        {
            "query": "INPE TerraClass uso e cobertura da terra Amazônia Cerrado GeoTIFF",
            "language": "en",
            "priority": "medium",
            "rank": 3,
            "target_type": "generic",
            "status": "searched"
        },
        {
            "query": "Brazil crop type map 1km GeoTIFF",
            "language": "en",
            "priority": "medium",
            "rank": 4,
            "target_type": "generic",
            "status": "searched"
        },
        {
            "query": "Brazil livestock census spatial data",
            "language": "en",
            "priority": "medium",
            "rank": 5,
            "target_type": "generic",
            "status": "searched"
        },
        {
            "query": "FAOSTAT geospatial Brazil agriculture",
            "language": "en",
            "priority": "medium",
            "rank": 6,
            "target_type": "generic",
            "status": "searched"
        },
        {
            "query": "ESA CCI Land Cover Brazil 300m",
            "language": "en",
            "priority": "medium",
            "rank": 7,
            "target_type": "generic",
            "status": "searched"
        },
        {
            "query": "Brasil áreas irrigadas shapefile ANA",
            "language": "en",
            "priority": "medium",
            "rank": 8,
            "target_type": "generic",
            "status": "searched"
        },
        {
            "query": "WorldPop Brazil rural population density 1km",
            "language": "en",
            "priority": "medium",
            "rank": 9,
            "target_type": "generic",
            "status": "searched"
        },
        {
            "query": "ISRIC SoilGrids Brazil 250m",
            "language": "en",
            "priority": "medium",
            "rank": 10,
            "target_type": "generic",
            "status": "searched"
        },
        {
            "query": "MAPA produção agrícola municipal Brasil dados geográficos",
            "language": "en",
            "priority": "medium",
            "rank": 11,
            "target_type": "generic",
            "status": "pending"
        },
        {
            "query": "MODIS Brazil land cover agriculture 500m",
            "language": "en",
            "priority": "medium",
            "rank": 12,
            "target_type": "generic",
            "status": "pending"
        },
        {
            "query": "Global Agro-Ecological Zones Brazil FAO",
            "language": "en",
            "priority": "medium",
            "rank": 13,
            "target_type": "generic",
            "status": "pending"
        },
        {
            "query": "Brazil agricultural processing plants GIS data",
            "language": "en",
            "priority": "medium",
            "rank": 14,
            "target_type": "generic",
            "status": "pending"
        },
        {
            "query": "Brazil farm boundaries shapefile",
            "language": "en",
            "priority": "medium",
            "rank": 15,
            "target_type": "generic",
            "status": "pending"
        }
    ]
}